Site,Date,FC_MPN_CF_NPP_100_mL,Temp_C,Sal_PPT_PPM
NB_0001,06,70,0,0
NB_0001,06,79,0,0
NB_0001,06,70,0,0
NB_0001,07,110,0,0
NB_0001,07,11,0,0
NB_0001,08,39,0,0
NB_0001,08,170,0,0
NB_0001,08,170,0,0
NB_0001,08,540,0,0
NB_0001,06,140,17,15
NB_0001,06,79,19,5
NB_0001,07,13,24,15
NB_0001,07,79,23,25
NB_0001,07,33,22,16
NB_0001,08,49,16,25
NB_0001,08,79,15,20
NB_0001,07,350,20,6
NB_0001,07,23,23,11
NB_0001,08,70,23,25
NB_0001,08,79,21,19
NB_0001,08,130,19,24
NB_0001,08,70,20,15
NB_0001,08,170,19,14
NB_0001,05,220,12,3
NB_0001,06,33,15,6
NB_0001,06,33,22,12
NB_0001,08,23,20,18
NB_0001,11,130,5,0
NB_0001,05,220,7,0
NB_0001,05,79,14,7
NB_0001,06,49,24,14
NB_0001,07,350,20,16
NB_0001,08,240,21,21
NB_0001,06,4,16,15
NB_0001,06,17,16,20
NB_0001,07,23,20,18
NB_0001,07,31,23,20
NB_0001,08,46,22,22
NB_0001,05,49,7,5
NB_0001,06,46,14,5
NB_0001,06,49,18,8
NB_0001,07,240,18,8
NB_0001,08,30,24,10
NB_0001,06,5,14,15
NB_0001,06,79,17,10
NB_0001,07,11,22,12
NB_0001,07,22,21,12
NB_0001,08,23,20,16
NB_0001,06,49,17,10
NB_0001,06,63,17,4
NB_0001,06,1700,15,2
NB_0001,07,110,23,24
NB_0001,08,540,20,2
NB_0001,05,23,19,14
NB_0001,06,5,11,12
NB_0001,07,70,22,8
NB_0001,07,70,22,10
NB_0001,08,8,25,18
NB_0001,06,23,15,8
NB_0001,06,49,14,2
NB_0001,07,33,25,12
NB_0001,07,79,21,15
NB_0001,08,49,23,12
NB_0001,05,23,15,8
NB_0001,06,79,16,10
NB_0001,06,17,20,2
NB_0001,07,49,22,12
NB_0001,08,350,22,4
NB_0001,05,33,18,10
NB_0001,06,170,18,14
NB_0001,07,23,20,8
NB_0001,07,49,20,14
NB_0001,08,22,27,14
NB_0001,05,22,10,6
NB_0001,05,49,18,6
NB_0001,06,350,12,6
NB_0001,07,170,15,4
NB_0001,08,49,18,26
NB_0001,06,79,14,0
NB_0001,06,49,19,12
NB_0001,07,33,22,12
NB_0001,07,4,20,18
NB_0001,08,14,18,20
NB_0001,05,23,13,10
NB_0001,05,4,15,10
NB_0001,06,27,17,14
NB_0001,07,49,24,10
NB_0001,07,11,23,18
NB_0002,06,49,0,0
NB_0002,06,110,0,0
NB_0002,06,280,0,0
NB_0002,07,33,0,0
NB_0002,07,33,0,0
NB_0002,07,17,0,0
NB_0002,08,17,0,0
NB_0002,08,17,0,0
NB_0002,08,11,0,0
NB_0002,08,49,0,0
NB_0002,08,130,0,0
NB_0002,06,13,17,15
NB_0002,06,33,19,10
NB_0002,07,13,25,16
NB_0002,07,170,23,18
NB_0002,07,23,22,18
NB_0002,08,170,16,23
NB_0002,08,79,15,20
NB_0002,07,70,20,10
NB_0002,07,23,23,14
NB_0002,08,21,22,19
NB_0002,08,33,22,19
NB_0002,08,33,18,19
NB_0002,08,130,21,18
NB_0002,08,1.9,19,15
NB_0002,05,79,13,6
NB_0002,06,5,14,9
NB_0002,06,33,21,15
NB_0002,08,17,20,18
NB_0002,11,920,5,0
NB_0002,05,79,8,0
NB_0002,05,23,13,10
NB_0002,06,27,24,16
NB_0002,07,79,20,17
NB_0002,08,140,21,22
NB_0002,06,5,15,15
NB_0002,06,33,15,20
NB_0002,07,5,21,22
NB_0002,07,79,23,22
NB_0002,08,23,22,24
NB_0002,05,79,8,6
NB_0002,06,33,14,8
NB_0002,06,2,18,10
NB_0002,07,49,18,10
NB_0002,08,22,24,12
NB_0002,06,2,14,16
NB_0002,06,31,16,12
NB_0002,07,5,22,15
NB_0002,07,13,21,16
NB_0002,08,17,20,16
NB_0002,06,70,17,10
NB_0002,06,11,17,6
NB_0002,06,540,16,6
NB_0002,07,13,23,15
NB_0002,08,79,20,4
NB_0002,05,8,18,12
NB_0002,06,2,12,14
NB_0002,07,33,22,8
NB_0002,07,170,22,12
NB_0002,08,5,24,18
NB_0002,06,8,15,12
NB_0002,06,49,14,4
NB_0002,07,23,25,14
NB_0002,07,79,21,18
NB_0002,08,31,23,14
NB_0002,05,11,14,10
NB_0002,06,13,16,12
NB_0002,06,33,20,2
NB_0002,07,23,22,14
NB_0002,08,170,22,4
NB_0002,05,2,17,15
NB_0002,06,8,18,15
NB_0002,07,23,20,10
NB_0002,07,5,20,15
NB_0002,08,13,27,17
NB_0002,05,13,10,8
NB_0002,05,11,18,10
NB_0002,06,49,12,8
NB_0002,07,31,15,8
NB_0002,08,49,18,28
NB_0002,06,17,14,2
NB_0002,06,4,19,12
NB_0002,07,17,22,15
NB_0002,07,13,20,18
NB_0002,08,8,18,20
NB_0002,05,2,12,12
NB_0002,05,17,15,12
NB_0002,06,2,17,16
NB_0002,07,7,24,12
NB_0002,07,4,23,20
NB_0003,06,23,0,0
NB_0003,06,17,0,0
NB_0003,06,14,0,0
NB_0003,07,5,0,0
NB_0003,07,14,0,0
NB_0003,07,1.9,0,0
NB_0003,08,1.9,0,0
NB_0003,08,31,0,0
NB_0003,08,2,0,0
NB_0003,08,11,0,0
NB_0003,08,5,0,0
NB_0003,06,13,16,16
NB_0003,06,33,19,10
NB_0003,07,1.9,23,19
NB_0003,07,13,22,21
NB_0003,07,22,24,20
NB_0003,08,49,17,24
NB_0003,08,130,16,21
NB_0003,07,79,19,12
NB_0003,07,11,22,15
NB_0003,08,46,22,19
NB_0003,08,170,22,19
NB_0003,08,280,19,20
NB_0003,08,130,20,20
NB_0003,08,70,19,19
NB_0003,05,4,13,10
NB_0003,06,9,14,10
NB_0003,06,23,21,17
NB_0003,08,23,20,22
NB_0003,11,540,5,0
NB_0003,05,920,7,0
NB_0003,05,4,14,13
NB_0003,06,2,24,18
NB_0003,07,17,21,20
NB_0003,08,22,21,25
NB_0003,06,1.9,15,18
NB_0003,06,8,16,22
NB_0003,07,2,21,23
NB_0003,07,70,23,24
NB_0003,08,22,22,25
NB_0003,05,2,8,12
NB_0003,06,7,14,14
NB_0003,06,11,18,15
NB_0003,07,11,18,14
NB_0003,08,49,24,18
NB_0003,06,8,14,20
NB_0003,06,17,17,16
NB_0003,07,2,22,18
NB_0003,07,2,20,20
NB_0003,08,240,20,20
NB_0003,06,23,16,12
NB_0003,06,1.9,18,10
NB_0003,06,220,16,12
NB_0003,07,5,23,16
NB_0003,08,9,20,8
NB_0003,05,5,19,15
NB_0003,06,8,12,18
NB_0003,07,5,21,12
NB_0003,07,23,23,15
NB_0003,08,13,24,22
NB_0003,06,8,15,12
NB_0003,06,49,15,8
NB_0003,07,8,26,18
NB_0003,07,5,22,22
NB_0003,08,49,23,16
NB_0003,05,8,15,14
NB_0003,06,5,15,15
NB_0003,06,23,20,5
NB_0003,07,11,23,15
NB_0003,08,79,22,14
NB_0003,05,13,17,14
NB_0003,06,13,18,15
NB_0003,07,22,19,12
NB_0003,07,1.9,20,17
NB_0003,08,5,27,20
NB_0003,05,7,10,10
NB_0003,05,8,18,12
NB_0003,06,49,12,10
NB_0003,07,33,16,14
NB_0003,08,8,18,20
NB_0003,06,23,14,5
NB_0003,06,13,20,16
NB_0003,07,1.9,22,16
NB_0003,07,4,20,22
NB_0003,08,2,19,24
NB_0003,05,8,12,14
NB_0003,05,1.9,15,15
NB_0003,06,4,17,20
NB_0003,07,11,24,16
NB_0003,07,4,23,22
NB_0004,06,14,0,0
NB_0004,06,17,0,0
NB_0004,06,11,0,0
NB_0004,07,33,0,0
NB_0004,07,2,0,0
NB_0004,07,2,0,0
NB_0004,08,2,0,0
NB_0004,08,7,0,0
NB_0004,08,1.9,0,0
NB_0004,08,8,0,0
NB_0004,08,13,0,0
NB_0004,05,4,12,13
NB_0004,05,7,13,12
NB_0004,05,13,15,15
NB_0004,06,5,0,18
NB_0004,06,2,20,18
NB_0004,06,2,22,18
NB_0004,07,2,18,25
NB_0004,07,2,24,23
NB_0004,08,8,18,18
NB_0004,06,13,16,20
NB_0004,06,1.9,18,10
NB_0004,07,1.9,23,20
NB_0004,07,13,22,20
NB_0004,07,2,22,20
NB_0004,08,31,17,25
NB_0004,08,14,16,23
NB_0004,07,5,19,14
NB_0004,07,5,22,18
NB_0004,08,33,22,20
NB_0004,08,23,22,22
NB_0004,08,13,19,21
NB_0004,08,23,19,21
NB_0004,08,49,18,20
NB_0004,05,49,13,13
NB_0004,06,5,13,14
NB_0004,06,2,21,20
NB_0004,08,5,20,22
NB_0004,11,540,5,0
NB_0004,05,23,8,4
NB_0004,05,1.9,14,14
NB_0004,06,1.9,24,20
NB_0004,07,1.9,20,22
NB_0004,08,17,21,25
NB_0004,06,1.9,14,22
NB_0004,06,1.9,16,24
NB_0004,07,13,20,24
NB_0004,07,7,22,25
NB_0004,08,1.9,22,26
NB_0004,05,5,8,15
NB_0004,06,5,14,16
NB_0004,06,2,18,18
NB_0004,07,8,18,16
NB_0004,08,17,24,18
NB_0004,06,1.9,14,22
NB_0004,06,17,16,16
NB_0004,07,1.9,22,18
NB_0004,07,8,20,20
NB_0004,08,5,20,22
NB_0004,06,5,16,16
NB_0004,06,1.9,17,14
NB_0004,06,8,16,15
NB_0004,07,2,23,16
NB_0004,08,5,21,12
NB_0004,05,1.9,18,20
NB_0004,06,2,12,22
NB_0004,07,2,22,14
NB_0004,07,7,22,16
NB_0004,08,5,23,22
NB_0004,06,1.9,15,14
NB_0004,06,23,15,14
NB_0004,07,8,26,18
NB_0004,07,13,21,22
NB_0004,08,8,23,17
NB_0004,05,2,15,14
NB_0004,06,1.9,15,16
NB_0004,06,5,20,6
NB_0004,07,5,22,16
NB_0004,08,110,21,14
NB_0004,05,8,18,15
NB_0004,06,11,18,20
NB_0004,07,5,20,14
NB_0004,07,9,21,19
NB_0004,08,14,27,21
NB_0004,05,2,10,10
NB_0004,05,4,16,14
NB_0004,06,11,12,14
NB_0004,07,2,13,18
NB_0004,08,13,18,22
NB_0004,06,4,14,8
NB_0004,06,4,20,16
NB_0004,07,1.9,22,18
NB_0004,07,2,20,22
NB_0004,08,2,19,24
NB_0004,05,4,12,16
NB_0004,05,2,14,16
NB_0004,06,4,17,20
NB_0004,07,8,23,18
NB_0004,07,4,23,22
NB_0005,06,8,0,0
NB_0005,06,23,0,0
NB_0005,06,5,0,0
NB_0005,07,2,0,0
NB_0005,07,8,0,0
NB_0005,07,1.9,0,0
NB_0005,08,2,0,0
NB_0005,08,11,0,0
NB_0005,08,1.9,0,0
NB_0005,08,4,0,0
NB_0005,08,13,0,0
NB_0005,05,5,12,16
NB_0005,05,5,13,15
NB_0005,05,2,14,18
NB_0005,06,1.9,19,18
NB_0005,06,2,0,18
NB_0005,06,2,21,18
NB_0005,07,5,17,25
NB_0005,07,1.9,24,25
NB_0005,08,23,18,20
NB_0005,06,4,16,20
NB_0005,06,2,18,15
NB_0005,07,1.9,22,21
NB_0005,07,8,22,21
NB_0005,07,2,21,21
NB_0005,08,11,16,26
NB_0005,08,8,16,24
NB_0005,07,13,20,14
NB_0005,07,6,22,18
NB_0005,08,2,23,20
NB_0005,08,33,22,22
NB_0005,08,5,19,21
NB_0005,08,23,20,24
NB_0005,08,8,19,21
NB_0005,05,1.9,13,14
NB_0005,06,1.9,14,17
NB_0005,06,4,20,20
NB_0005,08,2,20,22
NB_0005,11,920,5,1
NB_0005,05,23,8,5
NB_0005,05,2,14,14
NB_0005,06,2,24,22
NB_0005,07,2,20,22
NB_0005,08,49,21,25
NB_0005,06,2,14,24
NB_0005,06,2,16,25
NB_0005,07,1.9,20,24
NB_0005,07,7,23,26
NB_0005,08,2,22,26
NB_0005,05,1.9,8,16
NB_0005,06,2,14,18
NB_0005,06,2,18,18
NB_0005,07,1.9,18,18
NB_0005,08,2,24,20
NB_0005,06,5,14,22
NB_0005,06,5,15,20
NB_0005,07,2,22,20
NB_0005,07,2,21,22
NB_0005,08,23,20,22
NB_0005,06,9,16,18
NB_0005,06,4,15,14
NB_0005,06,22,16,16
NB_0005,07,13,23,20
NB_0005,08,8,21,14
NB_0005,05,1.9,18,20
NB_0005,06,2,12,10
NB_0005,07,8,22,14
NB_0005,07,13,22,18
NB_0005,08,1.9,24,22
NB_0005,06,1.9,15,12
NB_0005,06,79,14,16
NB_0005,07,5,25,20
NB_0005,07,13,22,22
NB_0005,08,13,23,18
NB_0005,05,2,14,18
NB_0005,06,5,15,18
NB_0005,06,2,20,8
NB_0005,07,2,23,18
NB_0005,08,79,21,15
NB_0005,05,8,18,16
NB_0005,06,1.9,17,22
NB_0005,07,5,20,16
NB_0005,07,13,20,21
NB_0005,08,5,27,21
NB_0005,05,4,10,12
NB_0005,05,2,16,14
NB_0005,06,33,13,16
NB_0005,07,2,16,18
NB_0005,08,2,18,22
NB_0005,06,2,14,10
NB_0005,06,8,20,18
NB_0005,07,4,22,18
NB_0005,08,2,19,24
NB_0005,05,8,12,18
NB_0005,05,1.9,14,16
NB_0005,06,1.9,17,22
NB_0005,07,4,23,20
NB_0005,07,4,23,24
NB_0006,06,8,0,0
NB_0006,06,1.9,0,0
NB_0006,06,8,0,0
NB_0006,07,2,0,0
NB_0006,07,2,0,0
NB_0006,07,2,0,0
NB_0006,08,5,0,0
NB_0006,08,8,0,0
NB_0006,08,2,0,0
NB_0006,08,2,0,0
NB_0006,08,5,0,0
NB_0006,05,5,12,16
NB_0006,05,5,13,16
NB_0006,05,4,14,19
NB_0006,06,2,0,18
NB_0006,06,1.9,20,18
NB_0006,07,2,18,25
NB_0006,07,5,24,26
NB_0006,08,49,18,22
NB_0006,06,5,0,0
NB_0006,06,2,17,15
NB_0006,07,2,23,21
NB_0006,07,8,22,21
NB_0006,07,5,21,21
NB_0006,08,33,17,25
NB_0006,08,8,16,25
NB_0006,07,33,19,14
NB_0006,07,5,22,18
NB_0006,08,17,22,20
NB_0006,08,17,22,24
NB_0006,08,4,19,22
NB_0006,08,13,20,22
NB_0006,08,11,19,22
NB_0006,05,2,13,16
NB_0006,06,2,13,17
NB_0006,06,9,20,20
NB_0006,08,5,20,23
NB_0006,11,540,5,2
NB_0006,05,70,8,5
NB_0006,05,1.9,14,15
NB_0006,06,2,24,22
NB_0006,07,2,20,22
NB_0006,08,33,21,28
NB_0006,06,1.9,14,24
NB_0006,06,1.9,16,25
NB_0006,07,1.9,20,26
NB_0006,07,8,22,26
NB_0006,08,1.9,22,26
NB_0006,05,2,8,16
NB_0006,06,1.9,14,20
NB_0006,06,1.9,18,20
NB_0006,07,1.9,18,20
NB_0006,08,5,24,20
NB_0006,06,2,14,22
NB_0006,06,4,16,20
NB_0006,07,2,22,20
NB_0006,07,8,21,22
NB_0006,08,1.9,20,22
NB_0006,06,1.9,15,20
NB_0006,06,2,15,16
NB_0006,06,46,15,16
NB_0006,07,4,22,20
NB_0006,08,5,21,14
NB_0006,05,1.9,18,20
NB_0006,06,2,11,22
NB_0006,07,2,22,14
NB_0006,07,33,22,18
NB_0006,08,2,25,22
NB_0006,06,1.9,15,12
NB_0006,06,23,15,18
NB_0006,07,2,25,20
NB_0006,07,13,21,22
NB_0006,08,13,23,19
NB_0006,05,2,14,18
NB_0006,06,2,14,18
NB_0006,06,5,19,10
NB_0006,07,17,22,18
NB_0006,08,170,22,16
NB_0006,05,8,18,16
NB_0006,06,1.9,18,21
NB_0006,07,8,19,17
NB_0006,07,17,20,21
NB_0006,08,4,27,21
NB_0006,05,1.9,10,12
NB_0006,05,13,16,14
NB_0006,06,8,13,18
NB_0006,07,2,16,20
NB_0006,08,11,18,24
NB_0006,06,1.9,14,10
NB_0006,06,4,19,18
NB_0006,07,1.9,21,20
NB_0006,08,2,19,25
NB_0006,05,2,12,18
NB_0006,05,1.9,14,18
NB_0006,06,2,17,22
NB_0006,07,4,23,20
NB_0006,07,4,23,24
NB_0007,06,13,0,0
NB_0007,06,2,0,0
NB_0007,06,1.9,0,0
NB_0007,07,1.9,0,0
NB_0007,07,13,0,0
NB_0007,07,170,0,0
NB_0007,08,1.9,0,0
NB_0007,08,2,0,0
NB_0007,08,1.9,0,0
NB_0007,08,1.9,0,0
NB_0007,08,8,0,0
NB_0007,05,2,12,18
NB_0007,05,1.9,0,18
NB_0007,05,4,14,20
NB_0007,06,2,0,20
NB_0007,06,1.9,20,19
NB_0007,06,5,0,20
NB_0007,07,2,18,26
NB_0007,07,1.9,24,26
NB_0007,08,14,18,24
NB_0007,06,11,16,20
NB_0007,06,5,17,15
NB_0007,07,1.9,23,22
NB_0007,07,5,22,21
NB_0007,07,7,21,23
NB_0007,08,49,16,26
NB_0007,08,13,16,25
NB_0007,07,13,20,15
NB_0007,07,5,22,19
NB_0007,08,8,22,21
NB_0007,08,110,21,24
NB_0007,08,8,19,22
NB_0007,08,5,21,25
NB_0007,08,8,19,23
NB_0007,09,23,15,21
NB_0007,10,130,10,20
NB_0007,10,540,9,11
NB_0007,10,240,8,15
NB_0007,11,1600,6,0
NB_0007,11,220,6,0
NB_0007,05,2,13,18
NB_0007,06,1.9,13,18
NB_0007,06,2,20,21
NB_0007,08,4,21,24
NB_0007,11,1600,5,2
NB_0007,05,23,9,7
NB_0007,05,5,14,16
NB_0007,06,1.9,24,22
NB_0007,07,1.9,21,23
NB_0007,08,7,21,26
NB_0007,06,1.9,14,25
NB_0007,06,1.9,16,26
NB_0007,07,2,20,26
NB_0007,07,5,23,26
NB_0007,08,2,22,28
NB_0007,05,2,8,16
NB_0007,06,2,14,20
NB_0007,06,8,18,20
NB_0007,07,1.9,18,22
NB_0007,08,33,24,22
NB_0007,06,2,14,22
NB_0007,06,1.9,16,22
NB_0007,07,5,22,22
NB_0007,07,8,21,22
NB_0007,08,5,20,24
NB_0007,06,5,15,20
NB_0007,06,1.9,15,16
NB_0007,06,33,16,16
NB_0007,07,13,22,22
NB_0007,08,8,20,15
NB_0007,05,2,17,20
NB_0007,06,2,11,24
NB_0007,07,5,22,16
NB_0007,07,79,23,20
NB_0007,08,1.9,25,24
NB_0007,06,4,15,14
NB_0007,06,49,14,18
NB_0007,07,1.9,25,20
NB_0007,07,49,21,22
NB_0007,08,2,22,20
NB_0007,05,2,14,18
NB_0007,06,2,14,20
NB_0007,06,13,19,12
NB_0007,07,23,22,20
NB_0007,08,49,22,18
NB_0007,05,14,17,16
NB_0007,06,1.9,17,22
NB_0007,07,11,19,18
NB_0007,07,7,20,21
NB_0007,08,13,26,22
NB_0007,05,8,9,12
NB_0007,05,2,16,14
NB_0007,06,8,13,18
NB_0007,07,2,16,20
NB_0007,08,11,18,24
NB_0007,06,2,14,12
NB_0007,06,4,19,18
NB_0007,07,2,21,20
NB_0007,08,4,19,24
NB_0007,05,1.9,11,20
NB_0007,05,1.9,14,18
NB_0007,06,2,17,22
NB_0007,07,13,23,20
NB_0007,07,4,23,25
NB_0008,06,5,0,0
NB_0008,06,1.9,0,0
NB_0008,06,5,0,0
NB_0008,07,2,0,0
NB_0008,07,17,0,0
NB_0008,07,17,0,0
NB_0008,08,1.9,0,0
NB_0008,08,2,0,0
NB_0008,08,1.9,0,0
NB_0008,08,1.9,0,0
NB_0008,08,70,0,0
NB_0009,06,33,0,0
NB_0009,06,1.9,0,0
NB_0009,06,11,0,0
NB_0009,07,240,0,0
NB_0009,07,4,0,0
NB_0009,07,180,0,0
NB_0009,08,1.9,0,0
NB_0009,08,33,0,0
NB_0009,08,2,0,0
NB_0009,08,2,0,0
NB_0009,08,8,0,0
NB_0010,06,23,0,0
NB_0010,06,79,0,0
NB_0010,06,350,0,0
NB_0010,07,130,0,0
NB_0010,07,540,0,0
NB_0010,07,350,0,0
NB_0010,08,79,0,0
NB_0010,08,49,0,0
NB_0010,08,240,0,0
NB_0010,08,2,0,0
NB_0010,05,1.9,12,20
NB_0010,05,21,0,20
NB_0010,06,8,0,20
NB_0010,06,7,0,20
NB_0010,06,2,22,21
NB_0010,07,5,0,25
NB_0010,07,4,24,25
NB_0010,07,2,24,26
NB_0010,08,13,18,24
NB_0010,06,170,0,20
NB_0010,06,2,16,17
NB_0010,07,33,25,21
NB_0010,07,11,22,21
NB_0010,07,13,23,21
NB_0010,08,33,16,15
NB_0010,08,8,16,26
NB_0010,07,11,20,18
NB_0010,07,8,22,22
NB_0010,08,1.9,23,21
NB_0010,08,49,21,24
NB_0010,08,5,20,23
NB_0010,08,8,20,22
NB_0010,08,9,20,22
NB_0010,05,7,13,18
NB_0010,06,5,13,19
NB_0010,06,2,20,22
NB_0010,08,23,20,24
NB_0010,11,540,5,5
NB_0010,05,240,9,9
NB_0010,05,2,14,17
NB_0010,06,2,24,24
NB_0010,07,8,21,24
NB_0010,08,13,21,26
NB_0010,06,1.9,14,25
NB_0010,06,2,16,26
NB_0010,07,350,20,26
NB_0010,07,64,23,27
NB_0010,08,49,22,28
NB_0010,05,4,7,18
NB_0010,06,9,13,18
NB_0010,06,11,18,22
NB_0010,07,7,17,22
NB_0010,08,130,24,22
NB_0010,06,8,14,24
NB_0010,06,2,17,22
NB_0010,07,33,22,22
NB_0010,07,46,20,24
NB_0010,08,11,20,24
NB_0010,06,8,15,22
NB_0010,06,2,15,18
NB_0010,06,49,15,18
NB_0010,07,23,22,24
NB_0010,08,17,20,16
NB_0010,05,1.9,17,22
NB_0010,06,5,11,22
NB_0010,07,1.9,22,18
NB_0010,07,46,23,20
NB_0010,08,1.9,25,24
NB_0010,06,70,14,20
NB_0010,07,5,25,22
NB_0010,07,49,21,24
NB_0010,08,13,22,20
NB_0010,05,1.9,14,20
NB_0010,06,5,14,20
NB_0010,06,8,19,14
NB_0010,07,5,22,20
NB_0010,08,79,22,20
NB_0010,05,79,17,19
NB_0010,06,2,17,24
NB_0010,07,23,19,21
NB_0010,07,49,20,20
NB_0010,08,23,26,23
NB_0010,05,4,9,16
NB_0010,05,13,17,16
NB_0010,06,79,13,20
NB_0010,07,13,15,22
NB_0010,08,31,18,25
NB_0010,06,4,14,14
NB_0010,06,170,20,20
NB_0010,07,8,22,20
NB_0010,08,4,19,25
NB_0010,05,2,11,20
NB_0010,05,2,14,20
NB_0010,06,11,17,24
NB_0010,07,4,22,20
NB_0010,07,23,23,25
NB_0011,06,540,0,0
NB_0011,06,540,0,0
NB_0011,06,1700,0,0
NB_0011,07,1700,0,0
NB_0011,07,1700,0,0
NB_0011,07,1700,0,0
NB_0011,08,1700,0,0
NB_0011,08,1700,0,0
NB_0011,08,1700,0,0
NB_0011,08,1700,0,0
NB_0011,06,220,16,21
NB_0011,06,23,16,15
NB_0011,07,33,24,21
NB_0011,07,23,22,21
NB_0011,07,13,24,21
NB_0011,08,33,16,25
NB_0011,08,22,15,25
NB_0011,07,13,20,18
NB_0011,07,2,22,24
NB_0011,08,5,23,25
NB_0011,08,46,22,24
NB_0011,08,8,20,22
NB_0011,08,13,20,22
NB_0011,08,33,19,21
NB_0011,09,33,15,22
NB_0011,10,33,10,20
NB_0011,10,540,9,12
NB_0011,10,49,7,15
NB_0011,11,920,6,0
NB_0011,11,110,6,0
NB_0011,11,350,5,5
NB_0011,05,23,8,10
NB_0011,05,5,14,18
NB_0011,06,13,24,23
NB_0011,07,22,20,23
NB_0011,08,23,21,26
NB_0012,06,13,0,0
NB_0012,06,5,0,0
NB_0012,06,8,0,0
NB_0012,07,5,0,0
NB_0012,07,5,0,0
NB_0012,07,920,0,0
NB_0012,08,1.9,0,0
NB_0012,08,170,0,0
NB_0012,08,4,0,0
NB_0012,08,1.9,0,0
NB_0012,08,8,0,0
NB_0012,05,4,11,20
NB_0012,05,5,14,20
NB_0012,06,5,0,20
NB_0012,06,5,20,20
NB_0012,06,1.9,21,21
NB_0012,07,2,17,26
NB_0012,07,2,23,25
NB_0012,07,1.9,24,26
NB_0012,08,17,18,25
NB_0012,06,7,0,22
NB_0012,06,2,16,20
NB_0012,07,2,22,21
NB_0012,07,1.9,22,21
NB_0012,07,8,22,22
NB_0012,08,33,16,25
NB_0012,08,33,15,25
NB_0012,07,5,20,16
NB_0012,07,13,23,22
NB_0012,08,2,22,20
NB_0012,08,79,20,24
NB_0012,08,8,20,23
NB_0012,08,5,20,24
NB_0012,08,2,20,24
NB_0012,09,33,16,25
NB_0012,10,49,10,20
NB_0012,10,350,9,14
NB_0012,10,49,7,16
NB_0012,11,540,6,0
NB_0012,11,540,6,0
NB_0012,05,2,13,20
NB_0012,06,4,13,18
NB_0012,06,9,19,22
NB_0012,08,5,20,24
NB_0012,11,220,5,5
NB_0012,05,240,8,10
NB_0012,05,5,13,18
NB_0012,06,1.9,24,23
NB_0012,07,1.9,20,24
NB_0012,08,17,21,26
NB_0012,06,1.9,15,23
NB_0012,06,1.9,16,26
NB_0012,07,1.9,20,26
NB_0012,07,2,23,27
NB_0012,08,1.9,22,28
NB_0012,05,1.9,7,20
NB_0012,06,1.9,14,20
NB_0012,06,1.9,17,22
NB_0012,07,2,17,22
NB_0012,08,5,24,22
NB_0012,06,1.9,14,24
NB_0012,06,23,17,22
NB_0012,07,2,21,22
NB_0012,07,1.9,20,24
NB_0012,08,5,20,25
NB_0012,06,7,14,22
NB_0012,06,1.9,15,18
NB_0012,06,11,17,18
NB_0012,07,5,22,22
NB_0012,08,8,20,16
NB_0012,05,1.9,17,22
NB_0012,06,1.9,11,24
NB_0012,07,2,22,20
NB_0012,07,23,22,22
NB_0012,08,1.9,26,24
NB_0012,06,5,15,15
NB_0012,06,33,14,20
NB_0012,07,1.9,23,22
NB_0012,07,13,22,24
NB_0012,08,13,21,20
NB_0012,05,1.9,13,20
NB_0012,06,1.9,14,20
NB_0012,06,5,18,14
NB_0012,07,5,22,22
NB_0012,08,79,21,20
NB_0012,05,7,18,17
NB_0012,06,8,17,24
NB_0012,07,5,19,20
NB_0012,07,5,20,21
NB_0012,08,2,26,22
NB_0012,05,2,9,14
NB_0012,05,2,16,16
NB_0012,06,110,13,20
NB_0012,07,2,15,22
NB_0012,08,17,18,24
NB_0012,06,1.9,14,14
NB_0012,06,2,20,18
NB_0012,07,4,22,20
NB_0012,07,2,19,25
NB_0012,08,2,18,25
NB_0012,05,2,11,20
NB_0012,05,1.9,14,20
NB_0012,06,4,16,24
NB_0012,07,8,22,22
NB_0012,07,8,22,25
NB_0013,06,5,0,0
NB_0013,06,33,0,0
NB_0013,06,2,0,0
NB_0013,07,1.9,0,0
NB_0013,07,5,0,0
NB_0013,07,1.9,0,0
NB_0013,08,2,0,0
NB_0013,08,13,0,0
NB_0013,08,1.9,0,0
NB_0013,08,2,0,0
NB_0013,08,7,0,0
NB_0013,05,540,11,18
NB_0013,05,33,12,20
NB_0013,05,5,14,20
NB_0013,06,2,0,22
NB_0013,06,2,0,20
NB_0013,06,2,22,21
NB_0013,07,1.9,17,25
NB_0013,07,4,24,25
NB_0013,07,33,23,27
NB_0013,08,23,18,24
NB_0013,06,5,0,22
NB_0013,06,1.9,16,20
NB_0013,07,11,23,22
NB_0013,07,4,22,23
NB_0013,08,33,16,26
NB_0013,08,13,16,25
NB_0013,07,13,19,19
NB_0013,07,5,23,25
NB_0013,08,8,20,24
NB_0013,08,17,22,24
NB_0013,08,23,19,23
NB_0013,08,6,17,25
NB_0013,08,1.9,19,24
NB_0013,09,23,15,22
NB_0013,10,49,10,20
NB_0013,10,40,9,15
NB_0013,10,33,7,16
NB_0013,11,540,7,1
NB_0013,11,220,6,0
NB_0013,05,1.9,12,19
NB_0013,06,2,13,20
NB_0013,06,5,19,22
NB_0013,08,8,20,24
NB_0013,11,350,5,5
NB_0013,05,23,8,12
NB_0013,06,1.9,24,23
NB_0013,07,4,20,24
NB_0013,08,130,21,26
NB_0013,06,1.9,14,25
NB_0013,06,2,16,26
NB_0013,07,5,20,25
NB_0013,07,2,22,27
NB_0013,08,1.9,22,28
NB_0013,06,1.9,13,20
NB_0013,06,5,18,22
NB_0013,07,1.9,17,22
NB_0013,08,5,23,22
NB_0013,06,5,13,24
NB_0013,06,7,18,22
NB_0013,07,8,23,22
NB_0013,07,5,20,24
NB_0013,08,11,20,25
NB_0013,06,9,14,20
NB_0013,06,1.9,14,20
NB_0013,06,12,16,20
NB_0013,07,5,22,22
NB_0013,08,23,20,18
NB_0013,05,1.9,17,22
NB_0013,06,49,11,22
NB_0013,07,2,22,18
NB_0013,07,33,22,22
NB_0013,08,2,25,24
NB_0013,06,1.9,16,15
NB_0013,06,33,14,20
NB_0013,07,2,22,22
NB_0013,07,33,21,24
NB_0013,08,13,21,20
NB_0013,05,1.9,13,20
NB_0013,06,1.9,15,20
NB_0013,06,5,18,15
NB_0013,07,27,23,20
NB_0013,08,130,22,20
NB_0013,05,23,18,15
NB_0013,06,2,18,24
NB_0013,07,11,19,19
NB_0013,07,7,21,23
NB_0013,08,2,27,22
NB_0013,05,1.9,9,16
NB_0013,05,2,17,18
NB_0013,06,49,12,20
NB_0013,07,4,15,22
NB_0013,08,220,17,22
NB_0013,06,4,13,15
NB_0013,06,11,20,18
NB_0013,07,4,21,22
NB_0013,07,2,19,25
NB_0013,08,8,17,25
NB_0013,05,11,12,20
NB_0013,05,63,14,20
NB_0013,06,8,18,24
NB_0013,07,13,24,22
NB_0013,07,8,23,24
NB_0014,06,2,0,0
NB_0014,06,1.9,0,0
NB_0014,06,5,0,0
NB_0014,07,2,0,0
NB_0014,07,2,0,0
NB_0014,07,1.9,0,0
NB_0014,08,2,0,0
NB_0014,08,8,0,0
NB_0014,08,1.9,0,0
NB_0014,08,2,0,0
NB_0014,08,8,0,0
NB_0014,05,13,12,20
NB_0014,05,2,12,21
NB_0014,05,4,14,21
NB_0014,06,5,0,22
NB_0014,06,2,19,21
NB_0014,06,1.9,22,21
NB_0014,07,2,17,26
NB_0014,07,8,24,26
NB_0014,07,13,22,27
NB_0014,08,79,18,25
NB_0014,06,4,16,22
NB_0014,06,1.9,6,20
NB_0014,07,1.9,23,23
NB_0014,07,11,22,24
NB_0014,07,1.9,19,22
NB_0014,08,7,17,25
NB_0014,08,2,16,25
NB_0014,07,1.9,19,20
NB_0014,07,1.9,23,26
NB_0014,08,1.9,20,25
NB_0014,08,33,22,24
NB_0014,08,13,19,24
NB_0014,08,5,17,25
NB_0014,08,23,19,24
NB_0014,09,1.9,14,24
NB_0014,10,23,10,20
NB_0014,10,64,9,15
NB_0014,10,180,7,20
NB_0014,11,540,7,1
NB_0014,11,350,6,0
NB_0014,05,1.9,12,21
NB_0014,06,1.9,14,22
NB_0014,06,5,19,23
NB_0014,08,2,20,25
NB_0014,11,170,5,7
NB_0014,05,1.9,8,15
NB_0014,05,2,14,20
NB_0014,06,1.9,24,24
NB_0014,07,1.9,20,25
NB_0014,08,2,21,26
NB_0014,06,1.9,13,26
NB_0014,06,1.9,16,27
NB_0014,07,1.9,20,28
NB_0014,07,17,22,28
NB_0014,08,1.9,21,28
NB_0014,05,1.9,7,21
NB_0014,06,1.9,13,22
NB_0014,06,1.9,17,22
NB_0014,07,1.9,17,20
NB_0014,08,33,23,22
NB_0014,06,2,14,25
NB_0014,06,5,16,24
NB_0014,07,2,22,22
NB_0014,07,4,19,25
NB_0014,08,13,20,25
NB_0014,06,8,14,22
NB_0014,06,1.9,15,22
NB_0014,06,2,16,22
NB_0014,07,5,22,24
NB_0014,08,2,20,20
NB_0014,05,1.9,17,24
NB_0014,06,1.9,11,24
NB_0014,07,2,22,20
NB_0014,07,17,22,22
NB_0014,08,1.9,23,26
NB_0014,06,2,14,20
NB_0014,06,17,14,22
NB_0014,07,4,22,22
NB_0014,07,1.9,21,25
NB_0014,08,8,21,22
NB_0014,05,5,13,20
NB_0014,06,1.9,14,22
NB_0014,06,1.9,18,18
NB_0014,07,2,22,24
NB_0014,08,17,21,22
NB_0014,05,2,17,17
NB_0014,06,1.9,17,27
NB_0014,07,13,19,20
NB_0014,07,2,20,24
NB_0014,08,1.9,25,25
NB_0014,05,1.9,8,18
NB_0014,05,1.9,15,20
NB_0014,06,8,12,22
NB_0014,07,4,15,22
NB_0014,08,2,17,25
NB_0014,06,1.9,13,16
NB_0014,06,33,19,20
NB_0014,07,2,21,22
NB_0014,07,1.9,19,25
NB_0014,08,1.9,18,26
NB_0014,05,1.9,11,22
NB_0014,05,1.9,14,22
NB_0014,06,2,17,26
NB_0014,07,8,23,22
NB_0014,07,1.9,23,25
NB_0015,06,1.9,0,0
NB_0015,06,1.9,0,0
NB_0015,06,7,0,0
NB_0015,07,5,0,0
NB_0015,07,5,0,0
NB_0015,07,1.9,0,0
NB_0015,08,1.9,0,0
NB_0015,08,11,0,0
NB_0015,08,1.9,0,0
NB_0015,08,1.9,0,0
NB_0015,08,7,0,0
NB_0015,05,1.9,11,21
NB_0015,05,1.9,11,24
NB_0015,05,1.9,0,21
NB_0015,06,8,20,24
NB_0015,06,1.9,0,23
NB_0015,06,1.9,21,24
NB_0015,07,1.9,0,27
NB_0015,07,11,22,27
NB_0015,07,5,22,27
NB_0015,08,49,18,25
NB_0015,06,240,15,22
NB_0015,06,2,17,20
NB_0015,07,1.9,24,24
NB_0015,07,2,0,25
NB_0015,07,2,23,24
NB_0015,08,33,17,25
NB_0015,08,8,16,25
NB_0015,07,1.9,18,23
NB_0015,08,1.9,23,25
NB_0015,08,23,22,26
NB_0015,08,2,18,25
NB_0015,08,49,17,25
NB_0015,08,33,19,25
NB_0015,09,2,14,22
NB_0015,10,110,10,21
NB_0015,10,70,9,15
NB_0015,10,49,7,20
NB_0015,11,350,6,2
NB_0015,11,180,6,12
NB_0015,05,5,12,20
NB_0015,06,1.9,13,21
NB_0015,06,1.9,20,24
NB_0015,08,1.9,20,22
NB_0015,11,220,5,10
NB_0015,05,5,8,12
NB_0015,05,1.9,12,22
NB_0015,06,1.9,22,24
NB_0015,07,1.9,20,25
NB_0015,08,1.9,21,28
NB_0015,06,1.9,14,26
NB_0015,06,1.9,16,26
NB_0015,07,1.9,20,28
NB_0015,07,4,22,28
NB_0015,08,1.9,22,29
NB_0015,05,1.9,7,22
NB_0015,06,1.9,13,22
NB_0015,06,1.9,17,24
NB_0015,07,1.9,17,22
NB_0015,08,2,23,26
NB_0015,06,2,14,28
NB_0015,06,2,17,25
NB_0015,07,2,22,22
NB_0015,07,23,20,25
NB_0015,08,1.9,20,25
NB_0015,06,2,14,24
NB_0015,06,1.9,15,20
NB_0015,06,4,16,22
NB_0015,07,11,22,24
NB_0015,08,5,20,20
NB_0015,05,1.9,17,24
NB_0015,06,33,11,22
NB_0015,07,1.9,22,22
NB_0015,07,49,22,22
NB_0015,08,2,24,26
NB_0015,06,1.9,14,22
NB_0015,06,13,13,22
NB_0015,07,1.9,22,24
NB_0015,07,17,21,24
NB_0015,08,1.9,22,24
NB_0015,05,1.9,13,20
NB_0015,06,1.9,13,24
NB_0015,06,5,19,20
NB_0015,07,8,23,24
NB_0015,08,23,21,24
NB_0015,05,2,16,21
NB_0015,06,2,17,24
NB_0015,07,4,19,23
NB_0015,07,1.9,20,22
NB_0015,08,8,28,25
NB_0015,05,1.9,11,20
NB_0015,05,1.9,19,22
NB_0015,06,11,11,22
NB_0015,07,1.9,15,25
NB_0015,08,21,17,26
NB_0015,06,1.9,13,16
NB_0015,06,1.9,19,22
NB_0015,07,1.9,22,24
NB_0015,07,1.9,19,25
NB_0015,08,1.9,17,26
NB_0015,05,2,11,22
NB_0015,05,1.9,13,24
NB_0015,06,1.9,17,25
NB_0015,07,2,22,24
NB_0015,07,2,23,26
NB_0016,06,2,0,0
NB_0016,06,1.9,0,0
NB_0016,06,2,0,0
NB_0016,07,1.9,0,0
NB_0016,07,2,0,0
NB_0016,07,1.9,0,0
NB_0016,08,1.9,0,0
NB_0016,08,33,0,0
NB_0016,08,1.9,0,0
NB_0016,08,1.9,0,0
NB_0016,08,17,0,0
NB_0016,05,2,11,22
NB_0016,05,1.9,0,25
NB_0016,05,2,14,23
NB_0016,06,1.9,0,14
NB_0016,06,1.9,0,25
NB_0016,06,1.9,21,24
NB_0016,07,2,16,28
NB_0016,07,2,23,26
NB_0016,07,2,22,26
NB_0016,08,8,18,25
NB_0016,06,1.9,15,22
NB_0016,06,1.9,16,20
NB_0016,07,1.9,22,24
NB_0016,07,2,22,25
NB_0016,07,1.9,21,25
NB_0016,08,11,17,25
NB_0016,08,33,16,26
NB_0016,07,2,19,22
NB_0016,08,1.9,20,25
NB_0016,08,2,22,25
NB_0016,08,13,18,25
NB_0016,08,2,16,25
NB_0016,08,1.9,20,25
NB_0016,09,1.9,14,25
NB_0016,10,33,10,25
NB_0016,10,49,9,18
NB_0016,10,33,7,20
NB_0016,11,920,6,2
NB_0016,11,79,6,12
NB_0016,05,1.9,12,22
NB_0016,06,1.9,12,24
NB_0016,06,1.9,18,25
NB_0016,08,1.9,19,26
NB_0016,11,130,5,15
NB_0016,05,1.9,8,19
NB_0016,05,2,13,22
NB_0016,06,1.9,22,25
NB_0016,07,1.9,20,25
NB_0016,08,1.9,21,28
NB_0016,06,1.9,13,26
NB_0016,06,1.9,15,27
NB_0016,07,1.9,20,28
NB_0016,07,1.9,22,28
NB_0016,08,1.9,22,30
NB_0016,05,1.9,7,22
NB_0016,06,1.9,12,22
NB_0016,06,1.9,17,24
NB_0016,07,1.9,17,24
NB_0016,08,1.9,23,26
NB_0016,06,1.9,13,28
NB_0016,06,2,16,25
NB_0016,07,1.9,22,25
NB_0016,07,1.9,19,26
NB_0016,08,7,20,25
NB_0016,06,2,14,24
NB_0016,06,2,14,22
NB_0016,06,1.9,16,24
NB_0016,07,2,22,25
NB_0016,08,11,20,20
NB_0016,05,1.9,18,24
NB_0016,06,5,11,24
NB_0016,07,2,21,24
NB_0016,07,9,21,22
NB_0016,08,1.9,23,28
NB_0016,06,5,15,22
NB_0016,06,5,14,25
NB_0016,07,2,22,24
NB_0016,07,1.9,21,25
NB_0016,08,2,22,23
NB_0016,05,2,13,22
NB_0016,06,1.9,14,24
NB_0016,06,5,20,20
NB_0016,07,1.9,22,24
NB_0016,08,17,21,24
NB_0016,05,1.9,16,23
NB_0016,06,1.9,16,26
NB_0016,07,1.9,18,24
NB_0016,07,1.9,20,24
NB_0016,08,1.9,25,25
NB_0016,05,1.9,7,20
NB_0016,05,1.9,15,24
NB_0016,06,4,12,24
NB_0016,07,2,15,24
NB_0016,08,1.9,18,26
NB_0016,06,2,13,16
NB_0016,06,1.9,19,22
NB_0016,07,2,21,24
NB_0016,07,1.9,19,25
NB_0016,08,2,18,26
NB_0016,05,1.9,11,24
NB_0016,05,1.9,13,25
NB_0016,06,1.9,16,25
NB_0016,07,1.9,22,24
NB_0016,07,1.9,23,26
NB_0017,06,2,0,0
NB_0017,06,8,0,0
NB_0017,06,5,0,0
NB_0017,07,17,0,0
NB_0017,07,2,0,0
NB_0017,07,1.9,0,0
NB_0017,08,1.9,0,0
NB_0017,08,8,0,0
NB_0017,08,1.9,0,0
NB_0017,08,1.9,0,0
NB_0017,08,33,0,0
NB_0017,05,1.9,0,16
NB_0017,05,2,0,21
NB_0017,05,13,0,20
NB_0017,06,5,0,20
NB_0017,06,2,0,22
NB_0017,07,2,0,27
NB_0017,07,8,0,22
NB_0017,07,23,0,25
NB_0017,08,23,0,25
NB_0017,06,350,18,20
NB_0017,06,5,15,22
NB_0017,07,5,25,21
NB_0017,07,49,22,24
NB_0017,07,2,21,25
NB_0017,08,110,17,25
NB_0017,08,49,15,25
NB_0017,07,5,18,20
NB_0017,07,8,23,20
NB_0017,08,5,20,21
NB_0017,08,33,21,24
NB_0017,08,2,19,25
NB_0017,08,49,16,24
NB_0017,08,2,19,24
NB_0017,05,14,12,16
NB_0017,06,1.9,12,23
NB_0017,06,9,20,23
NB_0017,08,5,20,25
NB_0017,11,540,5,9
NB_0017,05,23,8,10
NB_0017,05,8,14,20
NB_0017,06,2,22,24
NB_0017,07,49,21,25
NB_0017,08,23,21,28
NB_0017,06,2,14,26
NB_0017,06,5,15,26
NB_0017,07,13,20,26
NB_0017,07,23,23,28
NB_0017,08,1.9,21,28
NB_0017,05,5,6,20
NB_0017,06,17,13,22
NB_0017,06,2,17,22
NB_0017,07,1.9,17,24
NB_0017,08,5,23,26
NB_0017,06,2,13,25
NB_0017,06,1.9,15,25
NB_0017,07,23,22,25
NB_0017,07,13,19,25
NB_0017,08,13,20,25
NB_0017,06,13,15,22
NB_0017,06,2,14,22
NB_0017,06,130,15,22
NB_0017,07,7,21,25
NB_0017,08,49,20,16
NB_0017,05,2,17,24
NB_0017,06,8,11,22
NB_0017,07,5,21,25
NB_0017,07,110,22,22
NB_0017,08,2,24,28
NB_0017,06,5,13,22
NB_0017,06,17,14,22
NB_0017,07,1.9,22,24
NB_0017,07,33,20,24
NB_0017,08,1.9,21,23
NB_0017,05,14,13,18
NB_0017,06,1.9,13,22
NB_0017,06,5,20,18
NB_0017,07,4,23,22
NB_0017,08,33,21,24
NB_0017,05,1.9,17,19
NB_0017,06,1.9,17,25
NB_0017,07,13,19,17
NB_0017,07,5,20,24
NB_0017,08,2,25,25
NB_0017,05,1.9,7,22
NB_0017,05,4,14,20
NB_0017,06,46,12,16
NB_0017,07,13,15,22
NB_0017,08,2,18,25
NB_0017,06,8,12,16
NB_0017,06,8,20,20
NB_0017,07,2,20,24
NB_0017,07,11,19,25
NB_0017,08,33,17,26
NB_0017,05,4,11,22
NB_0017,05,8,14,22
NB_0017,06,8,16,24
NB_0017,07,14,22,24
NB_0017,07,2,23,26
NB_0018,06,5,0,0
NB_0018,06,1.9,0,0
NB_0018,06,5,0,0
NB_0018,07,1.9,0,0
NB_0018,07,1.9,0,0
NB_0018,07,2,0,0
NB_0018,08,2,0,0
NB_0018,08,33,0,0
NB_0018,08,1.9,0,0
NB_0018,08,1.9,0,0
NB_0018,08,2,0,0
NB_0018,05,1.9,11,22
NB_0018,05,1.9,12,22
NB_0018,05,1.9,13,24
NB_0018,06,2,0,22
NB_0018,06,1.9,0,24
NB_0018,06,23,21,22
NB_0018,07,5,17,26
NB_0018,07,8,0,26
NB_0018,07,1.9,22,26
NB_0018,08,13,18,24
NB_0018,06,1700,17,15
NB_0018,06,5,14,24
NB_0018,07,5,23,25
NB_0018,07,13,0,25
NB_0018,07,5,21,24
NB_0018,08,130,17,25
NB_0018,08,23,16,25
NB_0018,07,7,18,20
NB_0018,07,23,22,22
NB_0018,08,2,20,24
NB_0018,08,1.9,21,24
NB_0018,08,1.9,19,25
NB_0018,08,1.9,17,25
NB_0018,08,17,19,25
NB_0018,09,8,14,25
NB_0018,10,7,10,21
NB_0018,10,220,9,21
NB_0018,10,13,7,22
NB_0018,11,49,6,19
NB_0018,11,170,6,14
NB_0018,05,1.9,12,14
NB_0018,06,1.9,12,25
NB_0018,06,1.9,18,26
NB_0018,08,6,21,26
NB_0018,11,140,5,18
NB_0018,05,1.9,8,21
NB_0018,05,1.9,14,20
NB_0018,06,2,22,24
NB_0018,07,49,21,25
NB_0018,08,4,21,28
NB_0018,06,1.9,14,27
NB_0018,06,1.9,15,28
NB_0018,07,1.9,20,26
NB_0018,07,2,22,28
NB_0018,08,2,23,28
NB_0018,05,2,6,22
NB_0018,06,2,13,22
NB_0018,06,8,18,24
NB_0018,07,1.9,17,24
NB_0018,08,1.9,23,26
NB_0018,06,1.9,13,25
NB_0018,06,2,15,26
NB_0018,07,1.9,22,25
NB_0018,07,2,20,26
NB_0018,08,1.9,19,26
NB_0018,06,1.9,14,22
NB_0018,06,1.9,13,22
NB_0018,06,13,16,24
NB_0018,07,1.9,21,25
NB_0018,08,5,20,24
NB_0018,05,1.9,17,24
NB_0018,06,1.9,11,25
NB_0018,07,1.9,21,24
NB_0018,07,1.9,22,25
NB_0018,08,1.9,25,28
NB_0018,06,1.9,13,26
NB_0018,06,7,13,24
NB_0018,07,1.9,21,16
NB_0018,07,1.9,20,25
NB_0018,08,1.9,21,24
NB_0018,05,1.9,13,22
NB_0018,06,1.9,13,24
NB_0018,06,1.9,19,22
NB_0018,07,1.9,22,22
NB_0018,08,13,20,26
NB_0018,05,2,16,21
NB_0018,06,1.9,16,26
NB_0018,07,1.9,19,22
NB_0018,07,1.9,20,24
NB_0018,08,1.9,26,26
NB_0018,05,1.9,7,22
NB_0018,05,4,16,22
NB_0018,06,2,12,25
NB_0018,07,2,15,25
NB_0018,08,4,18,26
NB_0018,06,1.9,12,20
NB_0018,06,1.9,19,20
NB_0018,07,1.9,20,24
NB_0018,07,2,19,25
NB_0018,08,1.9,17,26
NB_0018,05,1.9,11,22
NB_0018,05,1.9,13,24
NB_0018,06,1.9,16,26
NB_0018,07,1.9,22,25
NB_0018,07,1.9,23,26
NB_0019,06,2,0,0
NB_0019,06,1.9,0,0
NB_0019,06,1.9,0,0
NB_0019,07,1.9,0,0
NB_0019,07,1.9,0,0
NB_0019,07,1.9,0,0
NB_0019,08,1.9,0,0
NB_0019,08,17,0,0
NB_0019,08,2,0,0
NB_0019,08,1.9,0,0
NB_0019,08,33,0,0
NB_0019,05,1.9,11,23
NB_0019,05,1.9,0,22
NB_0019,05,8,0,25
NB_0019,06,7,0,20
NB_0019,06,1.9,0,24
NB_0019,06,17,0,24
NB_0019,07,5,0,27
NB_0019,07,33,22,26
NB_0019,07,8,22,25
NB_0019,08,13,18,24
NB_0019,08,1.9,20,27
NB_0019,06,2,17,20
NB_0019,06,1.9,15,24
NB_0019,07,17,22,24
NB_0019,07,2,22,25
NB_0019,07,8,22,25
NB_0019,08,8,17,25
NB_0019,08,5,16,25
NB_0019,07,31,,18
NB_0019,07,1.9,22,22
NB_0019,08,1.9,20,24
NB_0019,08,1.9,21,25
NB_0019,08,1.9,18,25
NB_0019,08,22,17,25
NB_0019,08,17,19,23
NB_0019,09,5,14,25
NB_0019,10,14,10,21
NB_0019,10,49,9,21
NB_0019,10,13,7,22
NB_0019,11,70,6,19
NB_0019,11,33,6,14
NB_0019,05,1.9,12,25
NB_0019,06,5,13,24
NB_0019,06,1.9,19,25
NB_0019,08,1.9,21,26
NB_0019,11,49,5,22
NB_0019,05,1.9,8,22
NB_0019,05,2,14,20
NB_0019,06,9,22,25
NB_0019,07,1.9,21,26
NB_0019,08,7,21,28
NB_0019,06,1.9,14,28
NB_0019,06,1.9,15,28
NB_0019,07,4,20,26
NB_0019,07,1.9,23,28
NB_0019,08,11,21,28
NB_0019,05,13,6,22
NB_0019,06,1.9,13,24
NB_0019,06,1.9,16,25
NB_0019,07,1.9,17,25
NB_0019,08,17,22,25
NB_0019,06,1.9,13,25
NB_0019,06,1.9,15,26
NB_0019,07,5,22,25
NB_0019,07,1.9,20,26
NB_0019,08,1.9,20,26
NB_0019,06,2,14,22
NB_0019,06,2,14,22
NB_0019,06,1.9,15,24
NB_0019,07,1.9,21,25
NB_0019,08,2,20,24
NB_0019,05,1.9,17,22
NB_0019,06,2,11,24
NB_0019,07,1.9,21,25
NB_0019,07,1.9,21,25
NB_0019,08,1.9,24,26
NB_0019,06,1.9,13,26
NB_0019,06,11,13,24
NB_0019,07,1.9,21,24
NB_0019,07,2,20,25
NB_0019,08,1.9,21,24
NB_0019,05,1.9,13,24
NB_0019,06,1.9,13,24
NB_0019,06,1.9,18,25
NB_0019,07,1.9,22,22
NB_0019,08,2,20,26
NB_0019,05,17,17,19
NB_0019,06,2,16,27
NB_0019,07,5,19,21
NB_0019,07,1.9,21,24
NB_0019,08,5,26,24
NB_0019,05,1.9,8,22
NB_0019,05,1.9,15,24
NB_0019,06,22,12,25
NB_0019,07,1.9,15,25
NB_0019,08,17,18,25
NB_0019,06,1.9,12,22
NB_0019,06,17,19,20
NB_0019,07,23,20,24
NB_0019,07,1.9,19,25
NB_0019,08,4,18,26
NB_0019,05,2,11,22
NB_0019,05,2,14,24
NB_0019,06,2,16,26
NB_0019,07,17,22,25
NB_0019,07,2,23,26
NB_0021,06,1.9,0,0
NB_0021,06,1.9,0,0
NB_0021,06,1.9,0,0
NB_0021,07,1.9,0,0
NB_0021,07,1.9,0,0
NB_0021,07,1.9,0,0
NB_0021,08,1.9,0,0
NB_0021,08,1.9,0,0
NB_0021,08,1.9,0,0
NB_0021,08,1.9,0,0
NB_0021,08,1.9,0,0
NB_0021,05,1.9,10,22
NB_0021,05,1.9,12,25
NB_0021,05,2,0,24
NB_0021,06,2,0,25
NB_0021,06,1.9,18,24
NB_0021,06,1.9,20,25
NB_0021,07,5,17,28
NB_0021,07,1.9,23,27
NB_0021,08,1.9,17,25
NB_0021,06,2,16,24
NB_0021,07,1.9,22,25
NB_0021,07,2,20,25
NB_0021,07,1.9,20,25
NB_0021,08,1.9,17,25
NB_0021,08,17,16,26
NB_0021,07,2,18,23
NB_0021,07,1.9,22,22
NB_0021,08,2,20,25
NB_0021,08,1.9,21,26
NB_0021,08,2,19,25
NB_0021,08,1.9,16,26
NB_0021,08,2,20,25
NB_0021,09,1.9,14,24
NB_0021,10,5,10,21
NB_0021,10,130,9,21
NB_0021,10,22,7,21
NB_0021,11,130,6,19
NB_0021,11,130,7,15
NB_0021,05,1.9,12,23
NB_0021,06,1.9,13,23
NB_0021,06,1.9,18,25
NB_0021,08,1.9,19,27
NB_0021,11,23,5,22
NB_0021,05,1.9,8,24
NB_0021,05,1.9,13,23
NB_0021,06,1.9,22,26
NB_0021,07,1.9,20,26
NB_0021,08,1.9,21,28
NB_0021,06,1.9,13,28
NB_0021,06,1.9,15,28
NB_0021,07,1.9,19,29
NB_0021,07,1.9,21,29
NB_0021,08,1.9,21,30
NB_0021,05,1.9,6,24
NB_0021,06,1.9,12,24
NB_0021,06,1.9,21,25
NB_0021,07,1.9,17,24
NB_0021,08,1.9,23,28
NB_0021,06,1.9,13,26
NB_0021,06,1.9,15,26
NB_0021,07,1.9,22,24
NB_0021,07,1.9,20,28
NB_0021,08,1.9,19,26
NB_0021,06,5,13,24
NB_0021,06,1.9,13,22
NB_0021,06,1.9,15,24
NB_0021,07,2,21,25
NB_0021,08,2,20,22
NB_0021,05,1.9,16,24
NB_0021,06,1.9,11,26
NB_0021,07,1.9,20,25
NB_0021,07,8,21,25
NB_0021,08,1.9,25,28
NB_0021,06,1.9,13,25
NB_0021,06,2,13,26
NB_0021,07,1.9,21,25
NB_0021,07,1.9,21,26
NB_0021,08,1.9,22,24
NB_0021,05,1.9,12,24
NB_0021,06,1.9,12,25
NB_0021,06,2,18,20
NB_0021,07,1.9,22,24
NB_0021,08,5,21,25
NB_0021,05,1.9,16,23
NB_0021,06,1.9,16,27
NB_0021,07,1.9,18,24
NB_0021,07,1.9,20,25
NB_0021,08,1.9,25,26
NB_0021,05,1.9,7,22
NB_0021,05,1.9,14,24
NB_0021,06,2,12,25
NB_0021,07,2,14,24
NB_0021,08,1.9,18,25
NB_0021,06,1.9,12,18
NB_0021,06,1.9,19,24
NB_0021,07,1.9,19,25
NB_0021,07,1.9,18,25
NB_0021,08,1.9,17,26
NB_0021,05,1.9,10,24
NB_0021,05,1.9,13,26
NB_0021,06,1.9,16,26
NB_0021,07,1.9,21,26
NB_0021,07,1.9,22,26
NB_0023,06,1.9,0,0
NB_0023,06,1.9,0,0
NB_0023,06,2,0,0
NB_0023,07,2,0,0
NB_0023,07,1.9,0,0
NB_0023,07,1.9,0,0
NB_0023,08,1.9,0,0
NB_0023,08,5,0,0
NB_0023,08,1.9,0,0
NB_0023,08,1.9,0,0
NB_0023,08,1.9,0,0
NB_0023,05,1.9,11,20
NB_0023,05,1.9,12,22
NB_0023,05,1.9,14,20
NB_0023,06,1.9,0,21
NB_0023,06,1.9,18,25
NB_0023,06,1.9,0,22
NB_0023,07,1.9,0,28
NB_0023,07,1.9,0,26
NB_0023,07,1.9,0,26
NB_0023,08,1.9,18,25
NB_0023,06,1.9,15,22
NB_0023,06,1.9,0,21
NB_0023,07,1.9,24,24
NB_0023,07,2,20,25
NB_0023,07,1.9,23,25
NB_0023,08,70,16,25
NB_0023,08,8,15,25
NB_0023,07,1.9,18,20
NB_0023,07,1.9,21,22
NB_0023,08,2,21,21
NB_0023,08,2,21,28
NB_0023,08,1.9,18,25
NB_0023,08,1.9,18,25
NB_0023,08,5,21,24
NB_0023,09,1.9,14,24
NB_0023,10,17,10,20
NB_0023,10,26,9,21
NB_0023,10,17,7,22
NB_0023,11,280,6,10
NB_0023,11,540,6,11
NB_0023,05,2,12,21
NB_0023,06,1.9,14,21
NB_0023,06,1.9,19,25
NB_0023,08,1.9,20,26
NB_0023,11,49,5,18
NB_0023,05,2,8,20
NB_0023,05,1.9,13,22
NB_0023,06,1.9,22,24
NB_0023,07,5,20,26
NB_0023,08,2,21,28
NB_0023,06,5,14,25
NB_0023,06,1.9,15,26
NB_0023,07,2,20,28
NB_0023,07,1.9,22,28
NB_0023,08,1.9,21,30
NB_0023,05,1.9,7,22
NB_0023,06,1.9,13,24
NB_0023,06,1.9,17,25
NB_0023,07,2,17,24
NB_0023,08,2,23,26
NB_0023,06,1.9,13,26
NB_0023,06,5,16,24
NB_0023,07,1.9,21,24
NB_0023,07,2,20,26
NB_0023,08,2,20,26
NB_0023,06,2,14,22
NB_0023,06,2,14,22
NB_0023,06,8,16,22
NB_0023,07,2,23,25
NB_0023,08,13,20,22
NB_0023,05,1.9,16,24
NB_0023,06,5,11,25
NB_0023,07,2,20,22
NB_0023,07,8,21,24
NB_0023,08,1.9,22,26
NB_0023,06,1.9,13,22
NB_0023,06,2,14,24
NB_0023,07,1.9,22,24
NB_0023,07,2,21,25
NB_0023,08,1.9,22,24
NB_0023,05,5,13,22
NB_0023,06,2,13,22
NB_0023,06,2,18,18
NB_0023,07,1.9,22,25
NB_0023,08,49,20,24
NB_0023,05,1.9,16,22
NB_0023,06,2,17,25
NB_0023,07,1.9,18,24
NB_0023,07,1.9,20,24
NB_0023,08,2,26,25
NB_0023,05,1.9,8,20
NB_0023,05,1.9,15,22
NB_0023,06,2,11,24
NB_0023,07,1.9,14,22
NB_0023,08,1.9,18,25
NB_0023,06,1.9,12,16
NB_0023,06,4,19,22
NB_0023,07,1.9,20,24
NB_0023,07,1.9,19,24
NB_0023,08,1.9,18,26
NB_0023,05,1.9,10,22
NB_0023,05,1.9,13,24
NB_0023,06,1.9,16,25
NB_0023,07,2,22,24
NB_0023,07,1.9,23,26
NB_0024,06,2,0,0
NB_0024,06,1.9,0,0
NB_0024,06,1.9,0,0
NB_0024,07,2,0,0
NB_0024,07,1.9,0,0
NB_0024,07,1.9,0,0
NB_0024,08,1.9,0,0
NB_0024,08,5,0,0
NB_0024,08,2,0,0
NB_0024,08,1.9,0,0
NB_0024,08,9,0,0
NB_0024,05,8,11,20
NB_0024,05,1.9,12,22
NB_0024,05,2,14,20
NB_0024,06,1.9,0,22
NB_0024,06,1.9,18,25
NB_0024,06,2,0,22
NB_0024,07,23,0,26
NB_0024,07,2,23,26
NB_0024,07,7,0,27
NB_0024,08,2,18,24
NB_0024,06,2,16,22
NB_0024,06,2,17,20
NB_0024,07,1.9,24,24
NB_0024,07,2,22,25
NB_0024,07,4,23,25
NB_0024,08,49,16,25
NB_0024,08,13,15,25
NB_0024,07,1.9,19,20
NB_0024,07,1.9,22,24
NB_0024,08,17,21,22
NB_0024,08,34,20,26
NB_0024,08,11,17,25
NB_0024,08,5,18,25
NB_0024,08,11,20,24
NB_0024,09,49,14,24
NB_0024,10,540,10,20
NB_0024,10,49,9,18
NB_0024,10,33,7,21
NB_0024,11,240,6,5
NB_0024,11,79,6,9
NB_0024,05,2,13,20
NB_0024,06,1.9,13,20
NB_0024,06,1.9,20,24
NB_0024,08,5,20,23
NB_0024,11,70,5,15
NB_0024,05,13,8,12
NB_0024,05,1.9,13,22
NB_0024,06,2,22,24
NB_0024,07,1.9,20,25
NB_0024,08,2,21,28
NB_0024,06,2,14,25
NB_0024,06,1.9,15,26
NB_0024,07,2,20,28
NB_0024,07,49,23,28
NB_0024,08,2,22,28
NB_0024,05,1.9,7,19
NB_0024,06,1.9,13,24
NB_0024,06,1.9,18,22
NB_0024,07,1.9,17,24
NB_0024,08,33,23,26
NB_0024,06,1.9,14,28
NB_0024,06,17,15,22
NB_0024,07,8,21,24
NB_0024,07,5,21,25
NB_0024,08,2,20,26
NB_0024,06,11,14,24
NB_0024,06,2,13,20
NB_0024,06,9,16,22
NB_0024,07,13,22,22
NB_0024,08,8,21,22
NB_0024,05,1.9,17,22
NB_0024,06,2,11,22
NB_0024,07,1.9,22,22
NB_0024,07,5,22,24
NB_0024,08,2,25,26
NB_0024,06,2,13,20
NB_0024,06,33,14,22
NB_0024,07,1.9,22,24
NB_0024,07,8,21,25
NB_0024,08,5,22,24
NB_0024,05,5,13,20
NB_0024,06,1.9,13,24
NB_0024,06,5,18,15
NB_0024,07,8,23,22
NB_0024,08,33,21,22
NB_0024,05,1.9,16,22
NB_0024,06,1.9,17,24
NB_0024,07,1.9,18,24
NB_0024,07,5,20,24
NB_0024,08,1.9,26,26
NB_0024,05,1.9,8,18
NB_0024,05,1.9,14,22
NB_0024,06,8,12,24
NB_0024,07,17,15,22
NB_0024,08,1.9,18,25
NB_0024,06,1.9,13,15
NB_0024,06,2,20,22
NB_0024,07,1.9,20,24
NB_0024,07,1.9,20,25
NB_0024,08,1.9,18,26
NB_0024,05,1.9,11,22
NB_0024,05,4,14,24
NB_0024,06,1.9,16,25
NB_0024,07,4,23,24
NB_0024,07,4,23,25
NB_0025,06,1.9,0,0
NB_0025,06,1.9,0,0
NB_0025,06,1.9,0,0
NB_0025,07,1.9,0,0
NB_0025,07,5,0,0
NB_0025,07,1.9,0,0
NB_0025,08,1.9,0,0
NB_0025,08,1.9,0,0
NB_0025,08,2,0,0
NB_0025,08,1.9,0,0
NB_0025,08,46,0,0
NB_0025,06,130,15,22
NB_0025,06,4,17,20
NB_0025,07,5,24,24
NB_0025,07,2,22,25
NB_0025,07,7,24,24
NB_0025,08,33,16,25
NB_0025,08,33,15,25
NB_0025,07,2,19,20
NB_0025,07,13,22,22
NB_0025,08,1.9,21,21
NB_0025,08,49,20,25
NB_0025,08,31,17,25
NB_0025,08,8,19,22
NB_0025,08,8,19,24
NB_0025,09,49,14,24
NB_0025,10,350,10,20
NB_0025,10,130,9,15
NB_0025,10,49,7,20
NB_0025,11,920,7,4
NB_0025,11,240,6,12
NB_0025,05,1.9,13,20
NB_0025,06,2,14,18
NB_0025,06,1.9,20,22
NB_0025,08,13,21,25
NB_0025,11,170,5,10
NB_0025,05,23,8,12
NB_0025,05,1.9,13,22
NB_0025,06,2,24,25
NB_0025,07,1.9,20,25
NB_0025,08,2,21,28
NB_0025,06,1.9,14,26
NB_0025,06,2,16,26
NB_0025,07,1.9,20,28
NB_0025,07,1.9,23,28
NB_0025,08,5,22,28
NB_0025,05,1.9,7,18
NB_0025,06,1.9,14,22
NB_0025,06,2,18,24
NB_0025,07,1.9,17,24
NB_0025,08,8,23,25
NB_0025,06,1.9,14,26
NB_0025,06,2,11,22
NB_0025,07,1.9,22,24
NB_0025,07,13,20,25
NB_0025,08,7,20,25
NB_0025,06,13,14,22
NB_0025,06,1.9,16,20
NB_0025,06,2,16,22
NB_0025,07,8,22,24
NB_0025,08,23,20,20
NB_0025,05,1.9,17,22
NB_0025,06,23,11,22
NB_0025,07,2,22,24
NB_0025,07,23,22,24
NB_0025,08,33,24,26
NB_0025,06,2,15,20
NB_0025,06,2,14,20
NB_0025,07,2,22,24
NB_0025,07,2,21,25
NB_0025,08,2,22,24
NB_0025,05,2,13,20
NB_0025,06,1.9,13,24
NB_0025,06,8,19,15
NB_0025,07,5,23,25
NB_0025,08,23,22,22
NB_0025,05,1.9,16,22
NB_0025,06,2,17,25
NB_0025,07,33,18,24
NB_0025,07,2,20,24
NB_0025,08,2,26,26
NB_0025,05,1.9,8,18
NB_0025,05,4,15,22
NB_0025,06,23,12,22
NB_0025,07,4,15,20
NB_0025,08,8,18,25
NB_0025,06,2,13,15
NB_0025,06,2,20,22
NB_0025,07,8,20,24
NB_0025,07,1.9,20,26
NB_0025,08,1.9,18,26
NB_0025,05,1.9,11,22
NB_0025,05,4,14,24
NB_0025,06,2,16,25
NB_0025,07,1.9,23,24
NB_0025,07,1.9,23,25
NB_0026,06,5,0,0
NB_0026,06,1.9,0,0
NB_0026,06,1.9,0,0
NB_0026,07,2,0,0
NB_0026,07,1.9,0,0
NB_0026,07,1.9,0,0
NB_0026,08,2,0,0
NB_0026,08,1.9,0,0
NB_0026,08,1.9,0,0
NB_0026,08,1.9,0,0
NB_0026,08,130,0,0
NB_0026,05,2,0,16
NB_0026,05,1.9,0,20
NB_0026,05,7,0,18
NB_0026,06,5,0,21
NB_0026,06,1.9,0,24
NB_0026,06,1.9,0,21
NB_0026,07,1.9,20,24
NB_0026,07,2,18,25
NB_0026,07,8,24,26
NB_0026,07,1.9,24,27
NB_0026,08,7,17,26
NB_0026,08,21,0,28
NB_0026,08,22,0,27
NB_0026,08,9,21,27
NB_0026,06,33,0,20
NB_0026,06,2,17,20
NB_0026,07,13,24,23
NB_0026,07,33,21,24
NB_0026,07,2,22,25
NB_0026,08,33,16,25
NB_0026,08,23,15,25
NB_0026,07,8,19,18
NB_0026,07,4,22,22
NB_0026,08,8,21,21
NB_0026,08,33,21,26
NB_0026,08,11,17,25
NB_0026,08,8,18,24
NB_0026,08,13,19,24
NB_0026,09,79,14,24
NB_0026,10,13,10,20
NB_0026,10,170,9,14
NB_0026,10,11,7,20
NB_0026,11,540,7,0
NB_0026,11,920,7,11
NB_0026,05,1.9,13,20
NB_0026,06,1.9,14,19
NB_0026,06,1.9,21,22
NB_0026,08,1.9,21,26
NB_0026,11,140,5,6
NB_0026,05,8,8,12
NB_0026,05,1.9,13,23
NB_0026,06,1.9,24,24
NB_0026,07,1.9,20,25
NB_0026,08,2,21,26
NB_0026,06,5,14,26
NB_0026,06,2,15,26
NB_0026,07,7,20,27
NB_0026,07,1.9,23,28
NB_0026,08,2,22,28
NB_0026,06,7,18,24
NB_0026,07,2,17,22
NB_0026,08,46,23,25
NB_0026,06,1.9,15,25
NB_0026,06,5,16,22
NB_0026,07,1.9,22,24
NB_0026,07,5,21,24
NB_0026,08,5,20,25
NB_0026,06,13,14,20
NB_0026,06,1.9,16,20
NB_0026,06,27,16,22
NB_0026,07,2,22,22
NB_0026,08,23,20,20
NB_0026,05,1.9,17,22
NB_0026,06,33,11,22
NB_0026,07,1.9,21,22
NB_0026,07,8,23,24
NB_0026,08,1.9,24,26
NB_0026,06,1.9,15,20
NB_0026,06,23,14,20
NB_0026,07,5,23,24
NB_0026,07,5,21,24
NB_0026,08,1.9,22,25
NB_0026,05,13,14,20
NB_0026,06,1.9,13,24
NB_0026,06,7,18,15
NB_0026,07,2,23,25
NB_0026,08,8,22,22
NB_0026,05,1.9,16,22
NB_0026,06,8,17,25
NB_0026,07,9,19,22
NB_0026,07,8,20,23
NB_0026,08,17,26,25
NB_0026,05,1.9,8,16
NB_0026,05,2,15,22
NB_0026,06,23,12,22
NB_0026,07,1.9,15,20
NB_0026,08,31,18,24
NB_0026,06,2,13,15
NB_0026,06,33,20,20
NB_0026,07,1.9,21,22
NB_0026,07,1.9,20,25
NB_0026,08,2,18,26
NB_0026,05,1.9,11,22
NB_0026,05,2,14,22
NB_0026,06,17,16,24
NB_0026,07,22,23,24
NB_0026,07,1.9,23,25
NB_0027,06,2,0,0
NB_0027,06,13,0,0
NB_0027,07,11,0,0
NB_0027,07,2,0,0
NB_0027,07,1.9,0,0
NB_0027,08,1.9,0,0
NB_0027,08,2,0,0
NB_0027,08,2,0,0
NB_0027,08,1.9,0,0
NB_0027,08,22,0,0
NB_0027,05,2,0,14
NB_0027,05,5,0,18
NB_0027,05,13,0,17
NB_0027,06,2,0,20
NB_0027,06,1.9,19,23
NB_0027,06,2,23,20
NB_0027,07,1.9,20,24
NB_0027,07,11,17,25
NB_0027,07,1.9,24,25
NB_0027,07,49,24,26
NB_0027,08,5,17,24
NB_0027,08,8,0,28
NB_0027,08,1.9,0,27
NB_0027,08,13,19,26
NB_0027,06,17,17,22
NB_0027,06,2,17,20
NB_0027,07,2,26,21
NB_0027,07,13,23,21
NB_0027,07,8,23,25
NB_0027,08,33,16,25
NB_0027,08,130,15,24
NB_0027,07,1.9,19,16
NB_0027,07,8,22,22
NB_0027,08,2,21,20
NB_0027,08,23,21,24
NB_0027,08,46,18,23
NB_0027,08,33,19,22
NB_0027,08,8,20,21
NB_0027,09,17,14,21
NB_0027,10,46,10,15
NB_0027,10,1700,9,1
NB_0027,10,79,7,15
NB_0027,11,1700,6,0
NB_0027,05,2,13,18
NB_0027,06,1.9,15,16
NB_0027,06,2,22,20
NB_0027,08,1.9,21,25
NB_0027,11,240,5,4
NB_0027,05,23,8,8
NB_0027,05,1.9,14,20
NB_0027,06,2,24,23
NB_0027,07,2,21,24
NB_0027,08,8,21,26
NB_0027,06,1.9,14,24
NB_0027,06,5,16,25
NB_0027,07,13,20,26
NB_0027,07,2,22,26
NB_0027,08,1.9,22,28
NB_0027,06,130,18,22
NB_0027,07,5,17,24
NB_0027,08,2,23,25
NB_0027,06,2,14,22
NB_0027,06,46,16,22
NB_0027,07,4,22,20
NB_0027,07,14,21,24
NB_0027,08,2,20,24
NB_0027,06,13,15,20
NB_0027,06,11,17,8
NB_0027,06,1600,15,16
NB_0027,07,26,23,22
NB_0027,08,49,20,18
NB_0027,05,1.9,17,20
NB_0027,06,5,11,20
NB_0027,07,1.9,22,20
NB_0027,07,79,23,24
NB_0027,08,1.9,25,26
NB_0027,06,1.9,14,18
NB_0027,06,33,14,18
NB_0027,07,7,23,20
NB_0027,07,540,21,20
NB_0027,08,11,22,20
NB_0027,05,8,14,18
NB_0027,06,1.9,14,20
NB_0027,06,2,20,14
NB_0027,07,5,23,22
NB_0027,08,5,22,22
NB_0027,05,1.9,17,20
NB_0027,06,11,17,23
NB_0027,07,23,19,19
NB_0027,07,5,20,21
NB_0027,08,1.9,27,24
NB_0027,05,2,9,14
NB_0027,05,33,16,18
NB_0027,06,4,12,18
NB_0027,07,13,15,12
NB_0027,08,4,19,22
NB_0027,06,2,13,10
NB_0027,06,17,20,20
NB_0027,07,4,21,22
NB_0027,07,11,20,24
NB_0027,08,8,18,25
NB_0028,06,110,0,0
NB_0028,06,17,0,0
NB_0028,07,130,0,0
NB_0028,07,130,0,0
NB_0028,07,920,0,0
NB_0028,08,1600,0,0
NB_0028,08,1600,0,0
NB_0028,08,1700,0,0
NB_0028,08,1600,0,0
NB_0028,08,210,0,0
NB_0028,07,5,21,24
NB_0028,08,1.9,23,26
NB_0028,06,2,15,3
NB_0028,07,240,15,1
NB_0028,05,7,8,0
NB_0028,06,1700,12,0
NB_0028,07,110,16,0
NB_0028,08,1600,17,2
NB_0029,05,1.9,0,20
NB_0029,05,1.9,0,20
NB_0029,05,2,14,20
NB_0029,06,1.9,19,23
NB_0029,06,1.9,0,25
NB_0029,06,1.9,21,22
NB_0029,07,2,0,26
NB_0029,07,5,23,26
NB_0029,07,2,0,26
NB_0029,08,1.9,17,24
NB_0029,06,1.9,0,20
NB_0029,06,2,17,20
NB_0029,07,1.9,24,24
NB_0029,07,1.9,21,22
NB_0029,07,1.9,22,25
NB_0029,08,170,16,25
NB_0029,08,17,15,25
NB_0029,07,79,18,20
NB_0029,07,1.9,21,22
NB_0029,08,1.9,21,25
NB_0029,08,110,20,26
NB_0029,08,8,18,25
NB_0029,08,33,17,25
NB_0029,08,5,19,24
NB_0029,09,33,14,24
NB_0029,10,49,10,20
NB_0029,10,79,9,18
NB_0029,10,23,7,20
NB_0029,11,350,6,6
NB_0029,11,350,6,9
NB_0029,05,5,13,20
NB_0029,06,1.9,13,20
NB_0029,06,1.9,19,24
NB_0029,08,1.9,20,26
NB_0029,11,33,5,21
NB_0029,05,8,8,16
NB_0029,05,1.9,13,22
NB_0029,06,1.9,22,24
NB_0029,07,1.9,20,25
NB_0029,08,13,21,27
NB_0029,06,1.9,14,25
NB_0029,06,1.9,16,26
NB_0029,07,5,20,28
NB_0029,07,1.9,23,28
NB_0029,06,2,16,24
NB_0029,07,2,17,24
NB_0029,08,49,23,26
NB_0029,06,2,14,25
NB_0029,06,2,16,22
NB_0029,07,1.9,21,24
NB_0029,07,5,20,25
NB_0029,08,1.9,20,25
NB_0029,06,8,14,20
NB_0029,06,2,14,20
NB_0029,06,17,15,18
NB_0029,07,2,22,24
NB_0029,08,13,21,22
NB_0029,05,1.9,16,22
NB_0029,06,5,11,24
NB_0029,07,2,21,22
NB_0029,07,21,21,22
NB_0029,08,1.9,23,26
NB_0029,06,2,14,20
NB_0029,06,23,14,22
NB_0029,07,2,23,24
NB_0029,07,11,21,24
NB_0029,08,1.9,22,24
NB_0029,05,5,13,20
NB_0029,06,1.9,13,24
NB_0029,06,13,18,15
NB_0029,07,4,22,22
NB_0029,08,2,21,22
NB_0029,05,1.9,16,22
NB_0029,06,1.9,17,24
NB_0029,07,1.9,18,24
NB_0029,07,1.9,20,24
NB_0029,08,2,26,26
NB_0029,05,2,8,18
NB_0029,05,4,14,22
NB_0029,06,4,12,24
NB_0029,07,1.9,14,22
NB_0029,08,2,18,25
NB_0029,06,7,12,16
NB_0029,06,1.9,20,22
NB_0029,07,4,20,24
NB_0029,07,1.9,19,25
NB_0029,08,1.9,18,26
NB_0029,05,1.9,11,22
NB_0029,05,1.9,13,24
NB_0029,06,1.9,16,24
NB_0029,07,2,23,24
NB_0029,07,1.9,23,25
NB_0030,06,5,21,22
NB_0030,06,1.9,0,22
NB_0030,06,8,23,20
NB_0030,07,1.9,20,23
NB_0030,07,8,17,25
NB_0030,07,5,24,25
NB_0030,07,8,24,26
NB_0030,08,23,18,25
NB_0030,08,13,0,28
NB_0030,08,8,0,26
NB_0030,08,17,20,28
NB_0030,06,5,15,25
NB_0030,06,9,16,20
NB_0030,07,1.9,25,23
NB_0030,07,79,21,21
NB_0030,07,8,25,25
NB_0030,08,79,16,25
NB_0030,08,17,15,24
NB_0030,07,11,20,18
NB_0030,07,33,22,20
NB_0030,08,1.9,24,25
NB_0030,08,79,21,25
NB_0030,08,7,17,24
NB_0030,08,33,19,25
NB_0030,08,70,20,21
NB_0030,05,1.9,13,20
NB_0030,06,1.9,15,17
NB_0030,06,2,22,22
NB_0030,08,2,21,24
NB_0030,11,350,5,6
NB_0030,05,13,8,12
NB_0030,05,2,13,22
NB_0030,06,2,24,22
NB_0030,07,1.9,21,25
NB_0030,08,14,21,26
NB_0030,06,2,14,24
NB_0030,06,1.9,16,26
NB_0030,07,8,20,26
NB_0030,07,5,23,27
NB_0030,08,1.9,22,28
NB_0030,06,1.9,18,22
NB_0030,07,2,17,22
NB_0030,08,2,23,25
NB_0030,06,1.9,14,25
NB_0030,06,13,16,22
NB_0030,07,1.9,22,22
NB_0030,07,7,20,24
NB_0030,08,17,20,25
NB_0030,06,17,15,20
NB_0030,06,1.9,16,18
NB_0030,06,350,16,18
NB_0030,07,11,22,22
NB_0030,08,8,20,20
NB_0030,05,1.9,18,20
NB_0030,06,11,11,22
NB_0030,07,1.9,21,20
NB_0030,07,33,22,24
NB_0030,08,2,25,26
NB_0030,06,1.9,15,20
NB_0030,06,33,14,20
NB_0030,07,23,23,22
NB_0030,07,4,21,24
NB_0030,08,2,22,22
NB_0030,05,1.9,13,20
NB_0030,06,2,13,22
NB_0030,06,23,19,12
NB_0030,07,23,22,22
NB_0030,08,13,22,22
NB_0030,05,1.9,18,19
NB_0030,06,2,17,23
NB_0030,07,49,18,23
NB_0030,07,2,20,23
NB_0030,08,1.9,27,23
NB_0030,05,7,9,16
NB_0030,05,1.9,16,20
NB_0030,06,4,12,22
NB_0030,07,1.9,16,20
NB_0030,08,1.9,19,24
NB_0030,06,23,12,8
NB_0030,06,11,20,20
NB_0030,07,2,21,22
NB_0030,07,1.9,21,24
NB_0030,08,8,17,24
NB_0031,06,2,0,22
NB_0031,06,13,23,18
NB_0031,07,1.9,20,24
NB_0031,07,2,17,25
NB_0031,07,17,0,25
NB_0031,07,8,24,26
NB_0031,08,13,18,25
NB_0031,08,5,0,28
NB_0031,08,7,0,27
NB_0031,08,14,19,29
NB_0031,06,14,16,20
NB_0031,06,4,16,20
NB_0031,07,1.9,26,22
NB_0031,07,17,21,21
NB_0031,07,5,24,25
NB_0031,08,33,16,25
NB_0031,08,49,15,24
NB_0031,07,1.9,19,18
NB_0031,07,1.9,22,22
NB_0031,08,2,21,24
NB_0031,08,240,21,26
NB_0031,08,5,18,25
NB_0031,08,5,18,25
NB_0031,08,2,19,24
NB_0032,06,1.9,0,21
NB_0032,06,1.9,0,22
NB_0032,06,1.9,22,19
NB_0032,07,1.9,20,22
NB_0032,07,5,17,25
NB_0032,07,1.9,0,25
NB_0032,07,8,24,27
NB_0032,08,8,18,25
NB_0032,08,11,0,28
NB_0032,08,2,0,28
NB_0032,08,17,20,28
NB_0032,06,8,16,20
NB_0032,06,8,17,20
NB_0032,07,1.9,26,22
NB_0032,07,7,23,21
NB_0032,07,2,22,21
NB_0032,08,33,16,25
NB_0032,08,13,15,24
NB_0032,07,4,20,18
NB_0032,07,2,22,20
NB_0032,08,2,23,22
NB_0032,08,240,21,24
NB_0032,08,23,18,23
NB_0032,08,31,20,25
NB_0032,08,21,20,19
NB_0032,05,1.9,13,18
NB_0032,06,1.9,15,17
NB_0032,06,5,22,22
NB_0032,08,1.9,22,24
NB_0032,11,110,5,6
NB_0032,05,33,8,12
NB_0032,05,4,14,20
NB_0032,06,1.9,24,23
NB_0032,07,1.9,21,25
NB_0032,08,31,21,26
NB_0033,06,1.9,0,22
NB_0033,06,1.9,19,22
NB_0033,06,2,0,19
NB_0033,07,1.9,20,23
NB_0033,07,1.9,17,25
NB_0033,07,5,24,20
NB_0033,07,2,24,25
NB_0033,08,23,18,24
NB_0033,08,32,0,28
NB_0033,08,7,0,28
NB_0033,08,22,20,25
NB_0033,06,5,17,20
NB_0033,06,4,18,20
NB_0033,07,1.9,25,20
NB_0033,07,170,23,20
NB_0033,07,8,23,21
NB_0033,08,33,17,25
NB_0033,08,33,15,23
NB_0033,07,1.9,20,16
NB_0033,07,1.9,22,22
NB_0033,08,8,23,20
NB_0033,08,140,20,24
NB_0033,08,46,18,22
NB_0033,08,130,19,22
NB_0033,08,23,19,20
NB_0033,05,70,13,12
NB_0033,06,2,15,16
NB_0033,06,5,22,19
NB_0033,08,2,21,24
NB_0033,11,350,5,0
NB_0033,05,33,8,8
NB_0033,05,8,14,18
NB_0033,06,1.9,24,22
NB_0033,07,1.9,21,23
NB_0033,08,17,21,25
NB_0034,06,21,0,18
NB_0034,06,8,0,18
NB_0034,06,7,24,18
NB_0034,07,1.9,20,10
NB_0034,07,1.9,17,24
NB_0034,07,2,24,22
NB_0034,07,8,24,26
NB_0034,08,8,18,24
NB_0034,08,110,0,28
NB_0034,08,5,0,28
NB_0034,08,9,20,23
NB_0034,06,1.9,17,17
NB_0034,06,5,18,20
NB_0034,07,1.9,26,20
NB_0034,07,33,23,21
NB_0034,07,22,24,21
NB_0034,08,49,17,25
NB_0034,08,13,15,23
NB_0034,07,14,20,15
NB_0034,07,22,22,21
NB_0034,08,170,21,25
NB_0034,08,33,21,25
NB_0034,08,170,18,20
NB_0034,08,33,20,24
NB_0034,08,46,19,20
NB_0034,05,13,14,18
NB_0034,06,2,15,16
NB_0034,06,1.9,22,20
NB_0034,08,1.9,21,26
NB_0034,11,130,5,0
NB_0034,05,49,8,4
NB_0034,05,2,14,18
NB_0034,06,2,24,22
NB_0034,07,2,21,23
NB_0034,08,70,21,25
NB_0035,06,2,0,21
NB_0035,06,1.9,0,20
NB_0035,06,1.9,23,18
NB_0035,07,1.9,20,10
NB_0035,07,1.9,16,24
NB_0035,07,5,25,23
NB_0035,07,2,25,25
NB_0035,08,8,18,22
NB_0035,08,33,0,28
NB_0035,08,14,0,18
NB_0035,08,17,21,21
NB_0035,06,49,17,17
NB_0035,06,21,18,15
NB_0035,07,17,27,22
NB_0035,07,170,23,20
NB_0035,07,13,24,20
NB_0035,08,49,17,21
NB_0035,08,49,15,22
NB_0035,07,2,20,16
NB_0035,07,8,22,20
NB_0035,08,2,23,25
NB_0035,08,220,20,24
NB_0035,08,33,18,22
NB_0035,08,170,20,22
NB_0035,08,170,20,19
NB_0035,05,33,13,14
NB_0035,06,2,15,14
NB_0035,06,1.9,22,19
NB_0035,08,33,21,22
NB_0035,11,220,5,0
NB_0035,05,170,8,4
NB_0035,05,5,14,19
NB_0035,06,1.9,24,21
NB_0035,07,2,22,23
NB_0035,08,49,21,24
NB_0035,06,2,14,21
NB_0035,06,2,16,24
NB_0035,07,5,20,25
NB_0035,07,8,24,26
NB_0035,08,2,22,26
NB_0035,06,7,17,15
NB_0035,07,5,17,18
NB_0035,08,1.9,23,24
NB_0035,06,1.9,15,25
NB_0035,06,17,16,20
NB_0035,07,17,22,20
NB_0035,07,23,20,22
NB_0035,08,8,20,22
NB_0035,06,17,16,18
NB_0035,06,1.9,17,16
NB_0035,06,1600,15,14
NB_0035,07,4,24,22
NB_0035,08,5,21,15
NB_0035,05,5,18,18
NB_0035,06,8,11,20
NB_0035,07,1.9,22,20
NB_0035,07,130,23,18
NB_0035,08,1.9,26,28
NB_0035,06,8,14,16
NB_0035,06,33,14,12
NB_0035,07,17,24,20
NB_0035,07,350,21,20
NB_0035,08,2,22,20
NB_0035,05,8,13,12
NB_0035,06,1.9,14,20
NB_0035,06,33,20,5
NB_0035,07,1.9,23,22
NB_0035,08,23,23,20
NB_0035,05,11,18,18
NB_0035,06,2,17,22
NB_0035,07,49,20,20
NB_0035,07,2,21,20
NB_0035,08,1.9,28,22
NB_0035,05,4,9,12
NB_0035,05,2,16,18
NB_0035,06,1.9,12,16
NB_0035,07,31,15,10
NB_0035,08,23,19,22
NB_0035,06,33,12,4
NB_0035,06,1.9,20,18
NB_0035,07,1.9,22,20
NB_0035,07,8,21,22
NB_0035,08,4,18,24
NB_0036,06,1.9,0,21
NB_0036,06,1.9,20,21
NB_0036,06,4,24,20
NB_0036,07,1.9,21,10
NB_0036,07,4,17,24
NB_0036,07,1.9,25,24
NB_0036,07,13,25,25
NB_0036,08,11,18,22
NB_0036,08,8,0,27
NB_0036,08,8,0,28
NB_0036,08,12,20,18
NB_0036,06,1.9,17,15
NB_0036,06,49,18,10
NB_0036,07,1.9,26,19
NB_0036,07,46,23,20
NB_0036,07,2,24,20
NB_0036,08,130,17,21
NB_0036,08,170,15,23
NB_0036,07,130,21,17
NB_0036,07,1.9,23,22
NB_0036,08,27,22,21
NB_0036,08,170,20,24
NB_0036,08,170,18,23
NB_0036,08,350,19,21
NB_0036,08,79,20,20
NB_0037,06,79,21,15
NB_0037,06,2,20,18
NB_0037,06,13,23,16
NB_0037,07,1.9,21,8
NB_0037,07,1.9,17,24
NB_0037,07,1.9,25,21
NB_0037,07,33,25,22
NB_0037,08,17,18,19
NB_0037,08,13,0,27
NB_0037,08,11,0,28
NB_0037,08,11,21,16
NB_0037,06,5,17,15
NB_0037,06,6,18,15
NB_0037,07,1.9,26,20
NB_0037,07,170,23,20
NB_0037,07,33,25,20
NB_0037,08,17,17,21
NB_0037,08,33,15,21
NB_0037,07,8,19,11
NB_0037,07,33,23,18
NB_0037,08,9,21,21
NB_0037,08,49,21,25
NB_0037,08,130,18,18
NB_0037,08,540,19,17
NB_0037,08,70,20,15
NB_0037,05,2,13,18
NB_0037,06,5,15,16
NB_0037,06,5,22,22
NB_0037,08,5,21,23
NB_0037,11,350,5,0
NB_0037,05,110,8,2
NB_0037,05,8,14,15
NB_0037,06,7,24,20
NB_0037,07,1.9,21,23
NB_0037,08,79,21,24
NB_0038,06,22,0,15
NB_0038,06,7,19,16
NB_0038,06,23,24,15
NB_0038,07,1.9,21,8
NB_0038,07,2,18,22
NB_0038,07,8,25,21
NB_0038,07,22,24,18
NB_0038,08,11,18,16
NB_0038,08,49,0,26
NB_0038,08,23,0,27
NB_0038,08,8,21,14
NB_0038,06,8,17,15
NB_0038,06,23,0,15
NB_0038,07,2,26,18
NB_0038,07,49,23,16
NB_0038,07,13,24,20
NB_0038,08,110,17,20
NB_0038,08,46,16,21
NB_0038,07,23,19,10
NB_0038,07,49,23,16
NB_0038,08,23,22,22
NB_0038,08,170,22,24
NB_0038,08,49,19,18
NB_0038,08,120,20,17
NB_0038,08,220,20,15
NB_0038,05,8,13,9
NB_0038,06,1.9,15,11
NB_0038,06,2,22,20
NB_0038,08,23,21,22
NB_0038,11,49,5,0
NB_0038,05,33,7,0
NB_0038,05,17,14,15
NB_0038,06,5,26,21
NB_0038,07,5,22,21
NB_0038,08,170,21,22
NB_0038,06,1.9,14,21
NB_0038,06,5,15,22
NB_0038,07,5,21,24
NB_0038,07,49,23,24
NB_0038,06,13,17,18
NB_0038,07,8,17,20
NB_0038,08,13,23,22
NB_0038,06,8,15,18
NB_0038,06,23,15,20
NB_0038,07,33,22,15
NB_0038,07,130,21,20
NB_0038,08,5,20,22
NB_0038,06,46,16,14
NB_0038,06,70,17,8
NB_0038,06,1700,15,10
NB_0038,07,79,23,20
NB_0038,08,79,20,10
NB_0038,05,5,19,20
NB_0038,06,5,11,20
NB_0038,07,2,22,18
NB_0038,07,170,24,18
NB_0038,08,2,26,25
NB_0038,06,13,14,15
NB_0038,06,23,14,8
NB_0038,07,8,24,14
NB_0038,07,350,21,16
NB_0038,08,23,22,16
NB_0038,05,23,13,8
NB_0038,06,2,14,14
NB_0038,06,46,19,2
NB_0038,07,33,23,20
NB_0038,08,350,23,18
NB_0038,05,8,18,15
NB_0038,06,13,18,21
NB_0038,07,33,20,11
NB_0038,07,17,21,17
NB_0038,08,11,28,21
NB_0038,05,2,9,8
NB_0038,05,79,16,12
NB_0038,06,49,13,14
NB_0038,07,17,15,4
NB_0038,08,49,19,18
NB_0038,06,49,12,2
NB_0038,06,79,20,14
NB_0038,07,7,22,18
NB_0038,07,33,20,20
NB_0038,08,4,18,22
NB_0039,06,140,22,12
NB_0039,06,49,19,8
NB_0039,06,8,27,15
NB_0039,07,49,21,12
NB_0039,07,23,18,18
NB_0039,07,49,25,13
NB_0039,07,920,24,15
NB_0039,08,350,18,14
NB_0039,08,220,0,28
NB_0039,08,14,21,11
NB_0039,06,8,18,17
NB_0039,07,49,19,6
NB_0039,07,540,20,3
NB_0039,08,13,28,18
NB_0039,05,13,9,10
NB_0039,05,23,17,14
NB_0039,06,130,11,2
NB_0039,07,70,15,2
NB_0039,08,130,19,18
NB_0039,06,49,12,2
NB_0039,06,350,20,6
NB_0039,07,33,24,16
NB_0039,07,49,20,20
NB_0039,08,130,18,22
NB_0043,06,4,15,24
NB_0043,07,13,28,21
NB_0043,07,23,22,24
NB_0043,07,1.9,21,25
NB_0043,08,31,17,24
NB_0043,08,110,16,25
NB_0043,07,2,18,26
NB_0043,07,5,,20
NB_0043,08,2,20,24
NB_0043,08,2,21,24
NB_0043,08,1.9,19,25
NB_0043,08,9,17,25
NB_0043,08,17,18,24
NB_0043,09,2,14,25
NB_0043,10,240,10,19
NB_0043,10,1600,9,11
NB_0043,10,46,7,24
NB_0043,11,79,6,10
NB_0043,11,350,6,15
NB_0043,05,5,12,22
NB_0043,06,1.9,12,23
NB_0043,06,2,19,24
NB_0043,08,2,21,26
NB_0043,11,920,5,12
NB_0043,05,33,8,18
NB_0043,05,8,13,20
NB_0043,06,7,24,24
NB_0043,07,49,20,25
NB_0043,08,8,21,28
NB_0043,06,1.9,14,27
NB_0043,06,2,15,28
NB_0043,07,2,20,27
NB_0043,07,4,22,28
NB_0043,08,2,21,28
NB_0043,06,1.9,17,22
NB_0043,07,1.9,17,22
NB_0043,08,1.9,23,26
NB_0043,06,2,13,26
NB_0043,06,11,15,25
NB_0043,07,23,22,25
NB_0043,07,14,19,25
NB_0043,08,13,20,26
NB_0043,06,5,14,20
NB_0043,06,2,14,20
NB_0043,06,70,16,22
NB_0043,07,4,21,25
NB_0043,08,5,19,18
NB_0043,05,1.9,17,24
NB_0043,06,1.9,11,24
NB_0043,07,1.9,21,24
NB_0043,07,79,22,22
NB_0043,08,1.9,23,28
NB_0043,06,1.9,13,26
NB_0043,06,11,14,22
NB_0043,07,5,21,24
NB_0043,07,33,20,25
NB_0043,08,3,21,24
NB_0043,05,2,13,22
NB_0043,06,2,13,25
NB_0043,06,5,19,22
NB_0043,07,1.9,22,18
NB_0043,08,49,21,24
NB_0043,05,1.9,16,20
NB_0043,06,120,17,25
NB_0043,07,2,19,21
NB_0043,07,1.9,20,25
NB_0043,08,5,25,25
NB_0043,05,1.9,7,22
NB_0043,05,4,14,20
NB_0043,06,14,12,22
NB_0043,07,4,15,24
NB_0043,08,2,18,25
NB_0043,06,8,12,18
NB_0043,06,7,19,20
NB_0043,07,2,20,22
NB_0043,07,4,19,25
NB_0043,08,13,18,26
NB_0043,05,2,11,22
NB_0043,05,2,14,22
NB_0043,06,1.9,16,25
NB_0043,07,2,22,25
NB_0043,07,2,23,25
NB_0044,09,2,14,25
NB_0044,10,33,10,22
NB_0044,10,79,9,20
NB_0044,10,33,7,19
NB_0044,11,920,6,6
NB_0044,11,170,6,9
NB_0044,06,1.9,13,28
NB_0044,06,1.9,15,28
NB_0044,07,8,20,26
NB_0044,07,13,23,28
NB_0044,08,1.9,21,28
NB_0044,06,1.9,17,22
NB_0044,07,1.9,17,20
NB_0044,08,8,23,24
NB_0044,06,1.9,14,25
NB_0044,06,1.9,17,25
NB_0044,07,1.9,22,22
NB_0044,07,13,20,25
NB_0044,08,1.9,20,26
NB_0044,06,2,13,22
NB_0044,06,1.9,14,22
NB_0044,06,1.9,15,25
NB_0044,07,5,22,24
NB_0044,08,7,20,20
NB_0044,05,1.9,16,24
NB_0044,06,2,11,24
NB_0044,07,1.9,21,25
NB_0044,07,23,22,22
NB_0044,08,1.9,24,28
NB_0044,06,1.9,14,26
NB_0044,06,5,14,24
NB_0044,07,1.9,22,24
NB_0044,07,2,20,24
NB_0044,08,1.9,21,24
NB_0044,05,2,13,22
NB_0044,06,2,14,22
NB_0044,06,1.9,18,22
NB_0044,07,13,22,24
NB_0044,08,13,21,25
NB_0044,05,1.9,17,19
NB_0044,06,1.9,16,26
NB_0044,07,1.9,19,22
NB_0044,07,1.9,20,24
NB_0044,08,2,27,24
NB_0044,05,2,7,20
NB_0044,05,1.9,14,24
NB_0044,06,4,12,24
NB_0044,07,2,15,22
NB_0044,08,8,18,24
NB_0044,06,2,13,18
NB_0044,06,13,19,20
NB_0044,07,8,20,22
NB_0044,07,1.9,19,25
NB_0044,08,4,18,25
NB_0044,05,2,11,22
NB_0044,05,1.9,14,24
NB_0044,06,1.9,16,26
NB_0044,07,1.9,22,24
NB_0044,07,2,23,26
NB_0047,06,1.9,14,26
NB_0047,06,4,16,25
NB_0048,06,1.9,12,26
NB_0048,06,1.9,15,26
NB_0048,07,2,20,26
NB_0048,07,49,23,27
NB_0048,08,2,21,28
NB_0048,06,13,17,18
NB_0048,07,1.9,17,20
NB_0048,08,1.9,23,25
NB_0048,06,1.9,13,25
NB_0048,06,9,15,22
NB_0048,07,5,22,22
NB_0048,07,23,19,22
NB_0048,08,2,20,25
NB_0048,06,8,15,20
NB_0048,06,1.9,15,20
NB_0048,06,350,15,16
NB_0048,07,8,22,22
NB_0048,05,5,17,20
NB_0048,06,49,11,22
NB_0048,07,11,21,22
NB_0048,07,49,23,18
NB_0048,08,7,23,25
NB_0048,06,11,13,16
NB_0048,06,79,14,14
NB_0048,07,8,22,20
NB_0048,07,540,20,20
NB_0048,08,5,21,20
NB_0048,05,33,13,10
NB_0048,06,2,14,20
NB_0048,06,8,20,15
NB_0048,07,5,22,20
NB_0048,08,79,21,24
NB_0048,05,8,18,15
NB_0048,06,11,17,21
NB_0048,07,5,19,20
NB_0048,07,2,20,20
NB_0048,08,2,27,24
NB_0048,05,11,8,12
NB_0048,05,33,16,12
NB_0048,06,23,12,14
NB_0048,07,23,15,18
NB_0048,08,46,18,24
NB_0048,06,23,12,8
NB_0048,06,8,20,14
NB_0048,07,23,21,20
NB_0048,07,7,19,24
NB_0048,08,13,17,24
NB_0048,05,4,11,20
NB_0048,05,4,14,18
NB_0048,06,2,16,22
NB_0048,07,2,23,20
NB_0048,07,23,23,25
NB_0049,06,240,14,2
NB_0049,07,110,17,2
NB_0049,05,2,10,0
NB_0049,06,350,13,0
NB_0049,07,49,15,0
NB_0049,08,1600,17,2

